age,diploma,gender,living_place,csp,close_fam,close_friends,close_neighbors,close_colleagues,knows_fam,knows_friends,knows_neighbors,knows_colleagues,find_job,weight
3,1,2,7,5,3,3,1,2,3,3,1,1,3,2.5017110722984
4,2,2,7,6,3,3,1,1,1,1,1,3,3,0.94024444277287
6,4,2,4,3,2,3,1,2,4,3,3,3,8,0.306814035062511
2,2,2,1,5,3,2,1,2,3,3,1,1,7,4.90135245771693
4,3,2,8,3,3,4,1,3,1,4,3,5,5,1.40098600752978
4,2,1,0,6,4,3,4,5,2,3,4,5,5,0.348980017822789
5,1,2,7,4,3,3,1,3,4,5,1,3,7,0.23910833060696
3,2,2,0,4,2,3,1,2,3,3,1,3,6,1.04352067273355
3,4,2,7,5,2,3,3,3,3,3,1,3,6,0.532449419805343
5,1,2,2,5,3,4,1,1,4,4,4,3,6,1.50490760942872
5,2,2,6,5,2,2,2,1,2,2,2,1,7,0.261987172983596
3,4,2,7,3,3,4,3,4,5,5,4,5,3,0.279272811058254
4,3,2,4,5,4,3,1,3,3,3,1,3,6,1.11296252321987
2,3,2,4,4,4,3,1,3,2,1,2,4,3,2.24823746922103
4,1,2,5,4,3,2,1,1,1,1,1,1,6,0.383344020261463
5,4,1,8,3,4,2,3,3,1,1,1,1,1,0.698254839796131
5,3,2,4,4,3,3,3,1,1,1,1,1,6,0.347796839989718
6,3,2,0,2,2,3,3,1,3,3,3,1,3,0.330727418544997
2,2,2,7,5,3,3,1,4,4,4,1,5,7,1.06647611953601
4,1,1,7,6,3,3,3,2,3,3,3,2,3,3.49823543226282
3,4,2,2,3,4,4,3,3,4,5,3,3,3,0.160615548086386
3,2,1,2,6,3,3,2,2,1,1,1,1,3,0.6057965264619
4,2,1,5,5,4,3,1,1,4,4,2,1,3,0.0370324947088396
2,4,2,0,4,3,3,1,3,6,5,5,5,1,1.2253749437097
5,4,2,8,3,5,4,1,4,5,3,1,4,6,0.452980343966365
5,3,2,7,4,2,3,2,1,1,7,4,1,7,1.56297586650461
4,3,2,0,5,3,3,1,1,2,3,1,1,6,0.249790853496252
3,3,2,3,6,1,3,1,2,3,3,2,2,7,0.445604488576287
3,1,1,1,6,3,3,1,3,3,3,1,3,1,1.53209651820876
2,3,1,2,4,4,3,2,1,3,4,3,3,3,1.97050182150597
3,3,1,6,6,3,2,1,1,2,1,1,1,3,1.07621464075404
5,2,2,7,5,5,3,4,3,3,3,3,3,8,1.39369415811476
2,3,2,4,5,3,3,1,3,3,3,1,3,5,4.67574004971695
4,2,1,4,6,3,3,3,3,3,2,2,2,1,1.56992191343893
6,2,1,5,3,3,4,3,4,3,4,3,4,7,2.41951927985972
6,3,1,4,3,4,3,1,1,3,3,1,1,8,0.632577179857446
3,2,1,0,2,1,3,2,1,3,3,3,4,6,0.180251962819178
5,4,1,8,4,3,3,1,3,3,4,1,4,3,0.423854594995531
1,4,2,8,3,4,2,1,2,3,3,3,3,1,0.245289867751587
4,3,2,5,4,3,3,1,1,5,5,3,3,5,0.536835123012364
5,3,1,4,3,3,3,1,1,3,3,3,1,3,0.0414255314599984
6,2,2,0,4,3,2,2,3,3,1,1,3,1,0.231573115731392
3,4,1,7,4,3,4,1,3,4,7,3,6,6,0.418117641994278
6,4,1,0,3,4,3,3,1,5,5,4,1,3,0.151008047165704
5,3,2,0,4,3,3,1,1,6,5,3,4,8,0.223594062912049
4,3,2,3,4,3,2,1,2,1,2,1,1,7,0.328336342376527
6,3,1,8,3,3,3,3,1,3,3,3,2,3,1.67367683626539
5,2,1,2,6,4,3,3,1,5,3,4,1,7,0.390147595677854
6,3,2,4,3,3,3,3,3,5,4,2,5,8,0.0303279268524734
4,3,2,7,4,3,4,2,3,4,4,3,3,6,0.851051179185718
5,4,2,8,4,4,3,3,3,3,3,2,1,6,0.740527540414008
4,2,1,8,4,3,3,1,2,5,3,3,3,3,0.825632544189158
2,3,1,4,6,4,5,1,4,4,7,1,5,5,1.49291716197346
5,1,2,0,5,3,1,1,1,3,2,1,1,7,0.420256969557627
5,3,2,0,4,4,3,3,2,6,3,4,5,7,0.71744330649081
4,3,1,4,3,3,3,3,3,1,1,1,1,6,1.09326023487929
3,3,2,7,3,3,3,1,3,4,4,2,4,5,0.545175542507554
4,4,1,7,3,3,3,1,3,3,3,1,4,5,0.95306477136799
4,1,2,0,1,4,4,3,1,1,1,1,1,1,2.32082223038121
3,2,2,7,5,3,3,1,3,5,6,1,6,7,0.245755333164729
5,2,1,3,4,4,3,4,3,3,3,3,3,1,0.558856313362526
5,3,1,7,3,4,3,1,3,4,5,4,3,6,0.436293168724746
4,4,2,7,3,3,3,3,3,1,3,3,4,5,0.435938043186234
6,2,2,4,2,5,4,3,3,4,3,1,3,8,2.04729282034831
5,3,2,5,4,4,3,1,3,4,4,3,4,8,0.616682936165429
3,2,1,1,6,3,3,1,3,4,5,5,6,1,1.28601498161796
5,4,1,7,3,3,3,1,2,4,3,3,4,6,0.0926389032836304
5,1,2,4,5,5,3,1,1,4,1,1,1,6,2.68997890689896
3,4,2,1,3,3,4,1,4,4,6,4,7,3,0.0317863306574863
2,3,2,4,5,3,3,1,3,3,4,2,4,8,4.01592638707955
6,1,1,7,6,3,3,3,3,3,3,3,3,3,3.21802130594208
6,2,1,0,4,3,3,3,1,4,3,3,1,3,1.54619870416226
3,3,2,0,4,4,4,4,7,4,4,4,5,6,0.775347586298197
6,3,1,7,3,3,3,3,3,3,3,3,3,8,0.0296231926580548
4,4,2,4,4,3,3,2,1,3,3,1,1,6,0.591892678143775
4,3,1,7,3,3,4,1,3,4,4,1,6,7,0.300952940528711
4,4,1,0,3,4,4,1,2,6,5,3,7,8,0.402403795928952
6,3,1,3,4,3,2,3,1,3,2,2,1,7,1.01780948490702
6,1,2,5,2,3,1,1,1,3,1,1,1,1,1.18055879284769
3,3,1,0,1,4,4,3,3,4,4,4,4,3,0.653590908339949
4,1,1,2,5,4,3,1,3,3,3,1,3,6,2.50871255063747
5,3,1,6,4,3,3,1,2,4,3,3,3,3,0.695818928093226
4,4,1,0,3,4,4,3,5,4,3,3,4,3,0.367495676439317
6,2,1,5,6,4,4,2,1,3,3,2,1,8,0.831970586431698
4,3,1,7,4,4,3,1,2,4,5,4,5,7,0.0474314506648523
3,4,2,5,1,3,3,1,3,3,3,2,1,3,0.42808247323139
3,3,2,6,4,3,3,1,1,4,1,1,1,3,0.0399636884265969
4,4,2,8,3,3,3,2,3,5,5,3,3,6,0.768237906685114
4,3,1,8,6,3,3,4,4,4,5,5,5,5,1.57056924686298
2,4,2,3,4,4,4,1,3,3,4,3,4,3,0.557762333591824
6,4,1,8,3,3,2,1,1,3,3,1,1,8,0.795879029961502
3,2,2,5,5,4,3,1,2,3,3,1,3,3,1.37201737956629
4,3,1,3,3,3,4,4,3,4,5,3,4,7,0.244605658653287
2,4,2,2,4,3,4,1,1,4,3,1,3,8,1.02338647560558
2,4,2,1,4,3,3,1,3,3,3,3,3,5,1.02404787358442
6,2,2,4,5,3,3,2,3,1,1,1,1,7,1.25492656452035
4,4,2,7,4,3,3,1,2,4,4,1,3,3,0.263460220760523
2,3,2,0,4,3,3,1,3,4,4,1,3,5,1.66478971275583
3,4,1,8,3,3,3,3,3,3,3,1,1,5,0.0393153680748805
2,4,2,0,4,3,3,3,3,4,4,3,3,7,1.00883805754254
3,3,2,8,6,3,3,2,4,3,4,2,4,7,0.0440639971334603
4,2,2,4,5,1,2,1,1,2,2,1,1,7,1.36897554118494
5,2,1,0,6,4,3,2,1,3,3,3,1,6,1.10982105587664
7,2,2,4,1,5,5,1,1,5,5,3,1,7,1.02603554504744
5,3,2,5,4,3,5,6,1,3,4,3,1,7,0.76980424835899
5,3,2,7,5,5,2,1,1,4,2,5,1,7,1.25656880721447
3,4,2,0,3,3,3,3,2,1,1,1,1,8,0.477018882075984
6,3,1,3,3,5,5,3,1,1,3,1,1,1,0.0210290946396599
5,2,2,7,3,3,2,3,3,3,2,1,1,8,1.23031794918012
3,1,1,1,2,3,3,3,1,3,1,1,1,5,2.21313137068799
3,4,1,0,3,3,3,1,3,3,5,3,5,8,0.253122462739399
3,3,1,2,3,5,3,1,2,4,3,1,2,3,0.757374359402195
4,1,1,2,4,1,3,1,2,3,5,1,4,6,1.90971478286657
6,2,1,4,2,3,3,2,1,2,2,2,3,7,1.33353088334153
4,3,2,3,4,3,3,1,3,1,3,1,4,3,0.392634596283865
5,3,2,8,4,3,4,3,3,4,5,4,3,3,0.90885414587806
6,3,2,8,2,4,4,3,3,3,3,3,3,8,1.56424877512024
6,4,1,8,3,1,2,1,1,1,2,1,1,7,0.876087953541045
4,2,1,0,2,1,3,2,2,1,3,2,2,7,0.690947655672037
6,4,1,8,4,3,3,1,3,3,3,3,1,8,1.36703509301034
6,3,1,0,6,4,1,1,1,4,3,2,3,8,0.456251569413175
5,1,2,8,4,3,3,1,2,3,3,1,2,1,0.248817910227235
4,2,1,0,6,5,3,2,1,6,4,4,3,3,0.0462954143827435
4,4,1,7,3,4,4,1,4,6,6,4,6,3,0.458032812098152
6,1,2,2,5,4,3,3,1,3,1,3,1,8,0.216704500476814
2,2,1,7,4,2,2,1,1,1,1,1,1,7,3.16019453015166
3,4,2,7,3,5,4,1,3,5,6,4,4,7,0.239006473579081
5,1,1,8,4,4,4,4,1,4,4,4,1,3,3.29403726306737
4,2,1,0,5,6,4,4,6,3,3,4,4,7,1.47863483047219
5,2,1,0,4,4,3,1,3,3,1,1,4,1,0.053213376329576
6,2,1,0,4,3,3,1,1,1,3,1,3,6,1.32640786550206
3,3,2,4,5,3,3,1,1,1,1,1,1,8,0.788870906616583
3,1,2,7,5,4,4,1,2,1,1,1,1,8,4.5962629940941
3,3,2,7,3,3,4,1,1,3,6,3,3,5,0.779326547206116
4,4,2,0,3,4,3,3,3,4,3,2,3,6,0.42478457025871
5,2,2,0,5,1,3,3,1,3,3,3,3,3,0.627201669728528
2,4,1,2,3,4,3,1,1,3,1,1,1,7,0.998428855661535
6,4,1,7,3,4,3,1,1,3,5,4,1,8,0.868162003287913
3,3,1,0,4,3,3,1,1,3,3,1,3,8,0.74450227063205
6,2,1,7,6,1,5,1,1,1,1,1,1,3,1.81869428203334
6,3,2,3,5,3,2,1,1,4,3,3,1,8,0.646981504383195
4,4,2,6,3,1,5,3,2,4,3,1,1,3,0.245277808796555
4,2,2,4,4,2,3,2,1,1,4,4,1,6,1.01696080616324
3,4,1,7,3,1,1,1,3,1,3,1,4,6,0.728583403103813
6,4,2,8,4,3,3,1,1,1,2,1,1,8,0.589029181205741
6,4,2,8,5,5,5,4,1,6,6,4,1,3,0.154771903556211
6,1,2,3,5,3,2,2,1,3,2,2,1,3,0.0860179756204879
3,4,2,7,3,2,3,1,1,3,3,3,3,7,0.405239309529513
1,1,1,7,5,3,2,1,1,3,1,1,2,3,10.0421449244516
4,2,2,3,5,3,3,3,2,2,1,1,1,7,1.64509966232315
5,1,1,8,4,4,3,1,1,4,3,1,1,7,3.48508967487699
2,3,1,8,4,1,3,1,1,1,1,1,1,6,2.5384255414466
3,2,1,6,6,4,3,3,2,4,3,3,3,1,0.517764447625997
6,1,2,7,5,3,3,3,1,1,3,3,1,7,2.63067359227674
5,2,1,0,1,4,3,3,1,4,2,3,1,3,1.08188051955236
4,4,2,8,3,3,3,1,1,3,3,4,6,6,0.181286538928953
5,2,1,0,6,4,5,4,1,3,3,2,1,3,1.0482335177481
5,2,1,7,4,4,5,3,1,5,5,4,1,7,0.474068048444509
5,4,2,4,3,2,1,3,2,3,4,3,1,8,0.377086792264464
3,3,1,4,4,3,3,1,1,3,5,1,3,7,0.544573714010934
3,2,1,1,4,1,1,1,1,1,1,1,1,7,1.06120811939201
3,4,2,5,3,3,3,3,3,3,2,2,2,1,0.892073560724696
6,2,1,1,6,3,3,1,3,3,3,1,1,7,1.23884963928482
5,3,2,7,5,3,3,3,1,3,3,3,1,8,0.712715873355868
6,1,2,0,5,5,4,4,1,3,5,3,1,8,2.28859764924628
6,3,2,0,3,3,2,1,2,3,3,1,1,8,0.523746331044987
5,2,1,7,6,4,3,2,2,1,1,1,2,7,0.524196723159456
3,1,1,0,6,3,3,3,1,3,3,3,1,7,1.6153236129142
2,3,1,7,4,3,3,3,3,2,2,2,2,8,2.39664088310742
4,1,2,5,5,3,3,2,3,3,3,2,2,7,0.0528874384159341
3,1,2,6,5,3,3,1,1,3,3,1,1,7,3.71357419368274
4,4,1,5,1,3,3,2,2,3,3,3,2,3,0.0319916855790603
5,3,1,7,4,3,3,1,1,3,3,3,3,7,0.616864264871591
2,2,1,2,5,1,1,1,1,1,1,1,1,7,0.71510338129649
5,2,1,1,4,4,4,3,1,1,3,3,1,1,0.374261337313421
4,2,2,1,5,5,4,1,5,4,6,1,7,5,0.435053462375121
5,2,1,4,4,4,3,1,1,6,3,3,1,3,0.783137809610028
3,4,2,6,3,3,3,1,3,2,3,1,3,3,0.232364952357345
2,4,1,6,2,3,3,1,2,3,6,1,1,6,0.421938122044876
5,3,2,2,6,4,3,3,1,3,3,3,1,3,0.204352552992253
4,3,1,5,4,2,2,2,1,3,3,2,1,6,0.726097243043664
6,3,2,7,3,3,3,3,3,4,4,3,4,7,0.119779209228751
6,3,1,0,3,1,3,1,1,3,3,3,1,7,0.352366366999127
4,2,1,0,6,1,1,1,1,1,1,1,1,8,0.506559924608256
5,2,1,0,4,4,3,1,1,1,1,1,1,3,0.350083719934216
5,3,1,4,4,1,3,2,1,1,3,3,1,8,0.738886455938563
5,2,1,7,5,2,1,1,1,1,1,2,1,6,0.212021041313532
5,3,2,7,5,3,3,1,3,3,3,3,3,7,0.0325742158425629
2,4,2,2,5,3,3,1,3,3,3,1,3,3,1.71925993970974
4,4,2,8,4,2,3,1,1,6,1,6,5,6,0.47589937886673
2,3,1,0,6,2,2,1,1,3,3,1,1,6,0.27013216149624
5,2,1,7,6,3,3,1,1,3,3,1,1,3,0.995781941857675
4,3,2,0,5,3,3,3,3,4,5,3,3,7,2.05350738880026
6,4,1,7,3,4,4,2,1,4,5,3,3,8,0.146544493551109
4,2,2,0,5,3,3,1,1,3,3,1,1,1,0.45047344238791
5,4,1,8,3,3,3,1,3,3,3,1,3,3,0.24371831372447
1,3,2,3,5,3,3,1,1,3,3,7,4,7,3.55166963547188
6,4,2,0,4,3,3,1,3,4,3,1,5,7,0.291601489842499
3,2,2,7,6,4,3,2,1,4,3,2,1,6,1.74870399297028
3,3,1,0,4,4,3,3,3,6,4,4,6,3,0.821031172319547
6,1,2,7,3,3,2,1,1,4,4,3,1,7,1.99988201415921
3,2,1,2,5,3,3,3,3,2,2,1,2,7,1.07371333343585
3,3,1,1,2,4,4,3,1,3,2,2,3,7,0.818731667716521
6,1,2,0,5,3,2,1,1,1,4,1,1,8,1.09794369749212
5,2,1,2,2,3,3,2,3,4,5,3,4,7,0.260503832889287
3,4,2,0,4,2,3,1,3,4,1,1,3,1,0.466977013011149
5,2,1,7,4,4,1,1,1,4,1,1,1,5,2.30810965255403
7,1,1,2,3,3,3,1,1,3,3,1,1,6,2.61882419188891
3,4,2,0,4,4,3,3,3,3,3,1,4,3,0.425398540137166
4,3,1,0,4,4,3,2,3,4,2,3,3,6,0.556378749116175
6,3,2,3,5,3,3,1,1,3,3,1,1,8,0.717458383830814
3,3,2,3,3,4,4,3,1,4,4,1,1,3,0.0313062984580301
2,3,2,1,5,3,3,1,3,1,2,2,1,7,1.64006007325757
5,4,1,7,3,5,1,1,1,6,1,1,1,7,0.659846578879573
4,3,2,0,4,4,3,1,1,5,4,1,4,7,0.571690300955714
5,3,1,7,3,3,3,2,1,1,3,3,4,7,0.486515802689232
5,3,2,6,5,3,3,1,3,5,3,1,5,6,0.203535722595846
5,2,1,0,6,2,3,2,3,2,2,1,4,8,0.413843238023942
5,3,1,2,2,3,3,1,1,1,3,2,1,3,0.262840300186093
5,3,2,0,5,2,3,2,2,3,4,4,4,7,0.703230106516582
5,1,1,0,6,4,3,3,3,3,3,3,3,3,0.645854527416977
6,2,2,6,5,1,1,1,1,1,2,3,1,7,0.465262872929141
5,1,2,3,4,3,3,3,2,4,5,3,3,6,0.0924977652970597
6,1,2,4,5,2,3,3,1,3,3,3,1,8,0.385127554346829
4,4,1,0,3,3,3,1,3,4,5,4,5,6,0.609835785864648
3,3,1,0,4,4,5,2,3,6,7,4,7,7,0.401505118473051
2,4,2,0,4,3,4,1,1,5,5,1,3,7,0.642999198254313
4,4,2,8,3,3,3,1,3,4,4,1,3,8,1.23130951412649
4,4,2,7,4,3,3,1,3,5,4,3,4,6,0.263660781010888
5,4,1,5,3,3,3,3,1,1,3,3,1,8,0.444767656295823
5,3,1,0,3,3,3,3,3,1,3,3,2,8,0.580628477504787
4,4,2,8,3,1,3,1,1,1,5,3,4,3,0.630135925735077
3,2,1,0,4,3,2,3,3,4,3,3,3,1,1.18432961440351
1,3,2,8,6,2,2,1,1,1,2,1,1,3,3.03672944951756
5,4,2,0,3,3,3,3,3,3,3,1,3,3,0.337239455128852
2,4,2,7,4,2,2,1,2,2,3,1,2,5,0.746242034935604
4,3,1,0,3,3,1,1,1,1,1,1,1,7,0.759551678088652
5,1,2,4,6,2,2,1,3,5,4,1,4,6,2.65088760635512
4,2,2,5,5,2,1,1,2,1,1,1,2,8,0.0958960235092401
5,3,2,2,5,4,3,1,3,3,3,4,1,1,0.84569187799702
6,4,2,5,3,1,5,3,1,3,6,4,1,7,0.255152706372826
3,4,2,4,3,4,3,3,2,4,3,2,1,8,0.184984556907495
5,2,2,2,4,3,3,1,1,2,3,3,1,8,0.82477475189608
3,4,2,0,3,4,4,1,1,5,5,3,3,8,0.419819973918658
4,4,2,8,4,4,3,1,1,4,4,1,5,3,0.950917619625504
3,4,2,2,5,3,3,1,3,3,1,1,3,8,0.531022248610332
4,3,2,8,3,1,1,1,1,1,1,1,2,7,1.98454679259113
5,3,2,0,5,5,3,3,3,5,3,3,3,6,0.0696354270160048
4,4,1,2,4,3,3,1,2,2,2,1,1,3,0.235288476703255
2,4,1,0,3,3,3,1,3,1,3,3,3,3,1.16527843841378
5,2,1,0,6,3,3,2,2,2,3,1,1,6,1.1099681288897
4,1,2,0,6,3,3,2,3,3,3,2,3,3,3.10123103529212
4,3,2,8,3,3,1,1,1,3,1,3,4,5,0.0359285343365757
6,2,1,7,5,2,1,2,1,2,1,1,1,7,1.37881725310605
5,2,2,8,3,4,4,3,3,2,3,3,4,3,2.91261185925741
5,2,2,0,4,3,6,5,3,4,5,3,3,7,0.800500451671165
4,3,2,7,5,3,4,3,3,3,3,2,3,3,0.334811244404466
5,3,1,0,4,3,3,3,1,3,3,3,1,8,0.200974759984133
4,2,1,0,6,3,1,2,1,2,1,1,1,7,0.809423377416656
5,3,2,5,4,3,3,1,1,4,4,2,3,8,0.418699992639542
6,1,2,7,6,4,4,3,3,1,1,1,1,7,1.53757003870716
5,2,2,0,5,2,3,1,3,2,4,1,6,6,0.495814640672558
3,3,1,0,6,4,3,3,3,4,3,3,3,5,0.919544587124582
3,4,2,0,3,5,4,1,3,1,3,2,4,3,0.284767484303084
5,4,1,3,3,4,3,1,3,6,5,3,7,6,0.203788064947237
4,3,1,7,4,3,3,1,3,3,1,1,3,7,0.976294833878826
5,2,2,8,6,3,3,3,3,3,1,1,4,5,1.99054547630515
3,2,1,2,6,4,4,2,3,6,4,2,3,1,1.07472943419124
6,3,2,0,4,4,3,1,1,1,1,2,1,7,0.250116585131425
4,2,2,7,5,2,3,2,3,2,3,3,3,7,1.33387962813783
4,2,1,7,4,3,3,2,1,6,6,4,5,5,0.722036532955192
6,2,1,4,6,4,4,3,1,1,1,3,1,7,0.175750372368409
3,2,1,0,1,2,2,2,3,3,3,3,3,6,1.25930570769891
4,1,2,7,3,3,3,1,1,3,3,3,2,8,1.91442494169163
4,2,2,0,5,4,4,3,3,3,2,3,4,6,1.03077855603978
6,1,2,5,5,3,3,1,1,3,3,3,1,8,1.18055879284769
3,4,1,7,3,3,1,1,1,1,1,1,1,8,0.50224984579241
5,4,1,8,3,4,6,1,1,4,5,1,1,5,0.18589446310331
3,4,1,8,4,1,3,1,3,3,3,3,3,7,0.797663463691236
3,4,1,7,3,4,4,3,1,4,7,3,3,8,0.12732349648029
4,4,2,8,3,3,3,2,3,5,4,3,3,5,0.601711627026491
4,3,1,0,3,3,4,1,3,1,4,1,1,3,0.988010101295597
5,3,2,7,5,3,3,1,3,3,3,1,1,8,0.460680446649886
2,3,2,2,6,3,2,3,2,2,1,1,1,7,0.19059768622821
3,4,1,5,5,3,3,2,3,4,3,1,3,3,0.916768950581486
5,2,1,4,6,3,3,3,4,4,3,4,4,5,1.87481175094276
5,4,2,8,3,4,3,3,1,4,4,3,1,7,0.736005744799151
6,1,1,0,6,3,3,3,1,1,1,1,1,1,0.877782061978923
3,2,1,2,6,4,3,3,1,4,5,3,1,7,1.26176339275204
5,4,2,0,3,1,2,1,1,1,1,1,1,7,0.155877318970223
5,2,2,0,1,4,3,2,1,4,3,2,1,6,0.704729302102665
5,3,2,7,4,3,3,1,3,5,3,1,5,8,0.499344527733934
6,1,2,0,5,3,3,3,1,3,3,3,1,6,2.653620389116
5,4,1,8,3,4,4,4,1,5,3,1,1,3,0.0400965087365367
3,1,1,8,6,5,3,1,3,4,3,3,3,1,2.92418507375197
3,4,2,0,4,4,3,1,3,1,3,1,1,7,0.231257826271963
5,4,1,0,3,5,4,3,1,7,7,1,1,5,0.292639427321759
3,3,2,7,5,3,3,1,1,3,3,1,1,7,1.16407047719548
5,1,2,3,5,4,3,3,1,3,3,1,1,7,2.4111881004196
4,3,2,4,4,3,4,3,1,3,3,4,4,3,0.638451333908794
3,3,1,2,6,3,1,1,1,1,1,2,1,6,0.811695669214718
6,1,2,8,3,5,4,1,4,4,3,4,1,7,3.40919399681324
3,3,1,6,5,5,5,1,3,6,5,1,6,5,0.744329434154058
3,4,1,8,3,2,2,1,1,1,3,3,6,6,0.16160948615667
5,2,1,7,3,5,4,2,3,6,6,3,3,3,1.06929478799022
5,1,1,1,5,3,1,1,1,3,1,2,1,7,0.712514277571107
3,3,1,0,6,3,3,3,3,3,4,3,5,3,0.83625743631371
4,3,1,2,5,1,3,1,3,3,2,1,1,3,0.367454011429773
5,2,1,0,1,4,3,5,4,6,3,4,5,7,0.52760361598004
5,1,1,0,2,3,3,1,1,3,1,1,1,7,1.55542792185675
5,2,2,0,4,3,3,2,1,1,1,1,1,6,0.602143132021576
6,2,1,4,4,3,5,3,1,5,4,3,1,3,0.407401700449164
5,2,2,0,5,3,4,2,2,1,1,3,3,8,0.108200804792329
5,2,1,0,6,1,3,1,1,1,3,1,1,7,0.774654716304516
3,3,1,1,4,3,3,2,3,3,3,2,2,3,0.643375788837245
6,4,1,8,3,2,4,1,1,1,1,1,1,6,0.426077703461006
4,2,1,0,6,1,2,1,1,3,3,3,5,5,1.01214434986105
3,3,2,8,2,3,4,2,3,1,4,4,3,1,1.85477671975326
4,4,1,2,3,3,4,1,3,3,4,3,6,3,0.0595415698916726
5,3,2,0,3,5,5,5,4,5,5,5,6,3,0.417933283053655
3,3,2,2,6,3,1,1,3,1,3,4,4,8,1.27227494038129
3,1,1,2,6,1,3,1,1,6,4,5,3,7,2.43081874132623
6,3,2,1,4,3,3,2,1,1,1,1,1,6,0.599480996828568
2,3,2,0,6,4,5,1,3,4,4,2,3,7,1.34678689315979
6,2,1,0,6,1,1,3,1,1,3,2,2,7,0.79677021597711
6,1,2,0,5,3,3,1,3,1,3,1,3,8,1.83447977714102
5,1,2,8,4,3,2,1,1,3,3,3,1,6,0.964405400939073
5,4,2,7,3,3,3,1,2,3,3,3,3,6,0.282204314759978
5,3,2,1,5,3,3,3,3,3,3,3,3,7,0.83685386065446
3,4,2,0,4,3,4,3,3,3,4,3,3,1,0.470727342512429
5,1,1,0,6,5,5,1,2,3,4,1,2,8,0.280525894732768
6,4,1,8,3,3,3,1,1,1,1,1,1,6,0.826769595082811
5,3,2,0,4,4,3,1,1,4,3,1,1,7,0.319583722535216
4,1,2,0,5,3,4,1,4,3,4,1,4,7,0.905136893131397
3,3,2,5,4,3,3,1,1,3,3,1,3,3,0.310943450190374
4,4,2,7,3,3,4,3,3,5,5,3,4,5,0.267368459303652
5,3,1,7,3,3,3,1,2,1,3,1,1,3,0.65101344336548
6,3,1,7,3,2,3,1,1,3,3,2,3,8,0.342210832803719
5,4,2,0,3,2,3,1,3,3,3,1,3,6,0.139970258981208
2,4,2,8,3,3,4,1,3,5,7,1,4,3,0.889016557998861
2,4,1,2,3,4,3,1,1,6,6,3,4,3,1.19956219740259
6,1,2,2,6,5,3,3,1,4,3,3,1,7,0.955323792376458
4,3,1,4,5,3,3,1,3,3,3,1,3,8,0.53636890099648
2,3,2,4,5,4,3,3,3,3,2,2,2,6,1.96163086111888
4,4,1,7,5,4,3,3,2,5,5,3,3,7,0.808122353506142
4,3,2,0,4,3,3,1,3,3,2,1,3,3,0.565100518068871
5,3,2,2,2,3,3,3,1,3,4,4,1,6,0.670653263137226
4,4,1,0,5,3,3,1,3,2,4,1,4,8,0.349843499861656
5,2,2,8,5,2,3,3,1,3,3,3,1,8,2.02154362517467
5,3,1,2,3,5,4,1,1,4,4,3,1,1,0.436327952863505
3,3,1,0,5,2,3,3,3,3,3,2,3,3,0.740251547517717
6,3,1,7,3,3,3,1,1,3,3,1,1,1,1.01929051267961
3,3,2,0,3,3,3,1,1,4,5,1,2,8,0.98816120795195
3,3,2,1,4,2,1,1,2,1,1,1,1,1,0.482388661935013
3,3,2,7,4,3,3,1,2,5,3,1,5,5,1.29248974353954
3,3,2,0,2,4,3,3,3,5,6,5,5,3,0.631017554253932
5,3,1,7,3,5,6,3,4,4,4,4,6,6,0.530776800827874
5,1,2,0,4,3,2,1,1,3,1,1,1,8,0.820139532528478
1,3,2,2,5,3,1,1,1,3,1,1,1,7,2.53206516663054
3,4,1,8,3,1,2,1,1,1,1,1,1,3,0.362821300851246
3,4,2,7,4,3,3,1,1,3,4,1,3,3,0.525435870210827
3,3,1,8,3,1,3,1,1,3,4,1,4,3,0.0660329631459253
3,2,2,0,5,3,3,3,3,2,5,4,4,3,0.384676663228405
5,1,2,0,5,2,2,1,1,2,2,2,1,7,2.03191300487046
4,2,2,1,5,3,4,3,4,4,6,3,6,3,0.912234469983212
5,2,1,0,6,4,3,2,1,3,3,2,1,8,0.117423429399304
3,4,1,0,3,3,3,4,3,3,3,3,3,7,0.614463598076456
5,4,1,7,4,3,3,1,1,4,3,2,1,7,1.01490014054808
3,3,2,7,5,3,3,1,1,3,3,1,3,6,0.391879150454799
4,2,2,7,4,3,1,2,1,1,1,1,2,7,1.56107987972281
5,3,2,8,3,3,3,2,1,4,3,3,1,3,1.10371983582629
3,4,2,7,3,3,3,1,2,4,4,3,3,5,0.4754205072751
4,2,1,0,4,1,1,1,1,1,1,1,1,6,1.18183549951908
3,3,1,4,4,3,3,1,3,3,4,3,4,3,0.664945578262551
6,2,1,4,2,2,5,1,3,3,6,1,6,3,1.33438192768916
3,3,1,1,2,2,2,2,2,3,2,1,1,7,0.11352108632362
6,3,1,7,3,4,5,3,3,5,5,1,1,3,0.68407373437017
5,3,2,7,5,2,3,1,1,3,3,1,1,8,0.451611320967329
4,3,2,8,4,3,3,1,3,2,1,1,1,7,3.04694766428759
2,3,1,0,3,3,3,1,1,3,4,3,3,8,0.97342579499678
5,4,1,8,3,3,3,1,3,3,3,1,3,5,0.33414807313152
4,2,1,0,6,3,3,3,2,3,2,3,2,1,0.588921857464733
6,2,2,6,6,3,3,2,1,3,4,3,1,7,0.312368800500094
3,3,1,0,4,1,2,1,2,1,1,1,2,8,1.10687807535847
4,2,1,0,2,3,2,1,1,1,2,1,1,6,0.0675441809323827
5,4,2,8,3,2,2,1,3,2,4,3,3,7,0.0971989175660235
4,2,2,0,6,3,3,3,3,3,3,3,3,1,0.493806190653462
6,4,2,7,3,3,1,1,1,3,1,1,1,7,0.0729417183223595
4,4,2,8,3,3,3,1,1,3,4,1,4,5,0.482352950081583
4,3,2,3,4,4,4,1,1,3,4,4,5,6,0.468604918075832
3,3,1,3,4,3,1,1,1,3,3,3,1,7,0.478510469901444
3,3,1,7,3,6,5,3,3,4,5,4,6,3,0.773440778778791
4,1,2,7,4,4,4,3,3,3,2,2,1,1,1.71607716078842
6,3,2,0,5,3,3,1,1,1,3,3,1,7,1.42186460614347
4,4,2,8,3,4,4,3,3,6,6,5,5,8,0.236888375678266
5,1,2,0,5,3,1,1,1,4,5,3,3,8,1.70261646690565
4,2,2,3,5,3,3,2,3,4,4,1,2,3,2.2750823684342
4,2,1,6,6,4,3,3,1,1,2,2,2,7,0.739031643055908
3,2,1,0,6,3,1,1,1,3,1,1,1,7,0.97849958533062
2,4,2,1,5,3,3,1,1,3,2,1,1,7,1.3653741359208
4,4,2,4,5,3,2,1,1,3,3,1,3,6,0.920688106454637
5,2,1,7,4,5,5,3,3,6,5,3,5,3,0.556387117429744
3,3,2,2,4,3,3,1,3,3,3,1,3,8,0.771658364606795
4,4,1,5,3,1,3,1,3,1,3,1,3,7,0.414361229764637
2,4,1,7,6,3,4,1,1,7,6,3,6,5,1.49381486255384
4,4,1,6,3,4,4,1,1,4,4,4,4,1,0.0264961189607508
4,4,2,6,2,5,4,2,3,5,5,1,1,6,0.160923896129987
4,3,2,0,4,2,3,1,2,3,5,1,3,8,0.556638499809769
5,4,2,8,3,3,3,1,1,5,4,3,5,6,1.23734777497916
5,3,1,2,3,4,3,1,1,4,2,1,1,8,0.638432698809025
1,3,2,8,4,3,3,3,3,3,3,3,3,1,6.49187318906448
5,4,2,0,6,3,3,1,1,4,4,3,3,3,0.276251493381571
5,4,1,7,3,2,2,2,3,1,1,1,1,6,0.0876349936876457
4,2,1,6,6,3,2,1,1,3,1,1,1,7,0.0627424574684833
6,2,1,1,3,3,3,1,3,1,1,3,3,3,1.24160172766861
7,1,1,8,3,4,1,1,1,5,1,1,1,6,4.63812605703706
4,2,1,0,4,3,4,1,1,4,3,1,3,5,1.19256439628659
5,4,1,2,6,4,3,1,2,3,3,1,1,8,0.449215841212158
2,4,1,7,3,3,4,1,1,1,4,1,5,3,1.2863794820835
2,3,2,0,4,4,3,1,3,3,4,3,3,6,1.35512762202831
5,1,1,4,4,3,3,3,3,3,1,3,1,8,1.06527314784077
3,4,2,7,4,3,3,3,1,6,5,5,7,7,0.532762942750232
6,4,1,7,4,4,3,2,1,5,4,2,1,8,0.643203342560274
4,4,1,0,3,5,1,1,1,4,1,3,3,5,0.402403795928952
6,1,1,0,3,3,4,1,2,3,5,3,3,6,1.20223348795145
4,1,2,6,5,3,3,2,3,3,3,2,3,7,0.0771918680788949
3,2,2,8,6,1,4,4,2,6,4,4,5,8,2.91808851092339
3,2,2,8,5,4,3,3,1,4,4,3,1,7,1.56238770180956
4,4,2,7,3,3,4,1,1,3,4,3,3,3,0.346671647536481
6,1,1,7,2,3,3,1,1,3,3,1,1,6,0.10570808751161
2,3,1,0,6,4,4,3,3,3,5,3,4,1,1.15845275504413
4,4,2,0,4,3,3,3,2,3,3,2,3,1,0.416914754641448
6,1,1,4,4,3,2,3,2,3,2,2,2,3,2.68028553803429
5,2,1,7,3,4,3,3,2,3,3,3,1,7,0.986380748292021
5,2,1,0,6,1,3,2,1,2,2,1,1,3,0.0985000864170976
4,1,1,0,6,4,5,1,3,4,5,1,5,6,3.00705204428416
3,4,1,7,3,3,3,1,1,2,4,3,2,3,0.0398586859813527
4,4,2,7,3,3,3,1,3,5,4,3,6,7,0.307331083821194
6,4,1,0,3,3,3,1,1,1,3,1,1,8,0.127239989587691
4,2,2,2,5,4,3,3,2,3,3,2,1,8,0.350459528392024
4,3,2,7,4,3,3,1,3,1,3,3,5,1,0.312297874073343
6,3,1,7,4,3,3,3,3,3,4,4,2,6,0.701627076463469
3,4,2,0,3,4,3,2,3,3,3,3,4,5,0.0350466036303151
6,2,1,0,4,5,4,4,3,5,3,3,4,1,0.913296248010857
6,2,1,1,4,3,3,3,2,3,3,2,1,3,0.726679511442261
5,3,1,3,4,3,1,1,1,4,2,3,1,7,0.398146659525386
4,3,1,7,4,4,2,1,1,1,2,2,4,1,0.693273203984868
3,2,1,0,6,3,3,1,3,3,4,4,4,8,0.890178878620986
5,3,2,0,1,3,3,1,3,3,3,1,6,7,0.332826154613212
5,2,2,7,5,4,3,3,2,3,2,1,3,7,0.453662970789527
3,2,2,0,5,4,3,1,3,2,3,1,3,1,0.638413248499143
3,3,1,7,4,3,3,2,3,4,4,3,5,3,0.039478480004063
5,2,1,0,6,3,4,1,3,1,3,3,3,8,0.0362361810318715
5,3,2,8,5,4,4,3,4,5,4,3,4,1,0.895109130132856
6,2,2,4,5,3,3,2,1,5,1,1,1,1,1.06127767876807
2,4,1,7,3,4,3,1,3,1,4,1,3,5,1.75723469563949
3,3,2,0,4,5,4,3,3,6,4,4,4,6,0.691663280054217
5,1,2,1,5,4,1,4,1,7,4,4,1,7,0.102653551415677
3,3,1,0,6,4,3,2,3,3,2,1,1,7,0.732798454532209
2,2,1,2,6,3,3,1,3,3,4,3,4,7,2.83671800345272
5,3,2,4,5,3,4,2,1,4,5,3,1,3,0.380613326033183
5,3,1,8,2,5,5,3,3,4,4,4,3,3,1.74180825688626
3,3,1,0,4,3,2,1,1,2,1,1,3,5,0.158841656203164
5,2,1,7,4,3,3,2,1,1,1,1,1,3,1.08976041034807
6,4,1,5,3,4,3,2,4,5,4,3,5,8,0.035409090048935
5,4,1,5,3,4,3,1,3,4,4,1,4,3,0.284830109224149
6,2,2,7,5,3,3,1,1,3,4,1,2,7,0.599794152335826
5,3,2,5,4,3,3,1,2,3,4,3,3,6,0.400458672895952
4,2,1,0,6,4,3,3,5,3,3,3,3,3,0.505616538192395
7,2,1,0,1,5,3,3,3,4,4,3,2,8,2.34476171561365
3,4,1,7,3,3,3,1,2,1,4,1,1,8,0.160834691833933
2,4,2,8,3,2,3,1,3,2,3,1,3,5,1.06503987547737
5,3,1,0,3,3,3,3,1,3,3,3,1,3,0.714428756949874
1,2,2,0,5,3,3,2,3,1,1,3,3,3,5.22177440779339
4,4,1,4,3,4,3,1,3,4,3,1,3,3,0.408705087842587
6,2,1,7,3,3,3,1,1,1,4,3,1,6,0.35998310067849
2,3,2,8,5,4,3,2,1,3,3,1,1,2,8.24880462107205
5,4,1,8,5,6,3,1,5,5,4,1,5,6,0.239158685926709
6,3,2,2,5,4,1,1,3,1,1,1,1,7,0.42512593359863
4,4,2,2,6,3,3,1,3,4,3,3,4,3,0.428688816315093
5,2,2,4,6,3,2,1,1,3,2,1,1,7,0.39813459783634
2,2,1,2,6,4,3,1,6,3,3,3,5,6,2.29380546690675
5,2,2,0,5,4,3,3,3,4,2,3,3,8,0.806135264430862
3,2,2,0,2,3,1,1,1,3,3,1,1,7,0.339387918561975
6,1,1,8,4,4,4,3,1,3,3,2,1,1,4.22204248935117
4,1,2,7,6,3,3,1,1,2,1,1,1,7,3.18435550779798
3,2,1,5,6,3,3,1,3,2,2,2,2,7,0.374409077485906
5,4,2,8,3,5,5,4,1,5,6,5,1,6,0.225820315750083
5,1,1,8,6,4,1,1,1,3,1,1,1,1,0.705034413153268
5,4,1,7,3,3,3,1,1,3,1,1,1,8,0.02387438512348
4,2,1,0,4,3,1,1,3,2,1,1,3,6,0.804997466812218
4,2,1,7,6,3,3,1,1,3,3,1,1,5,0.405653497743404
7,3,1,0,2,2,1,3,1,1,3,3,1,7,1.2427726961377
6,1,2,0,6,3,3,3,1,4,3,4,1,3,1.53577404326019
3,3,2,8,6,5,2,1,1,1,1,1,1,6,1.48876050809404
6,2,1,3,6,4,4,3,3,5,5,3,5,8,0.666569017412417
5,2,1,0,6,2,3,2,1,4,4,4,4,8,0.858010783363721
2,1,2,0,4,3,3,2,3,2,3,2,3,6,4.43031933017625
6,3,2,6,3,3,5,1,1,3,3,1,1,7,0.0474959684790836
7,2,2,0,6,3,2,3,1,3,4,4,3,7,1.39032873321149
6,4,1,2,3,3,3,2,3,4,2,3,3,7,0.57642272987201
3,4,1,6,4,3,4,2,4,6,6,1,6,7,0.440184485760731
4,3,2,7,5,3,3,3,3,3,3,4,4,1,0.560177125316706
6,4,1,5,3,3,3,2,1,3,3,3,1,8,0.154755054356011
5,4,1,1,3,3,4,2,1,1,4,1,1,6,0.164285347599515
4,2,2,0,5,4,3,2,2,3,3,3,1,7,0.867372699960746
5,3,2,5,4,3,3,2,1,2,3,1,1,3,0.385997837822065
5,3,2,7,4,3,1,1,1,3,3,1,1,1,0.053874533190507
4,4,1,0,3,4,3,1,1,6,4,1,1,1,0.311290766930135
2,2,2,3,2,4,3,1,3,1,1,1,1,1,4.017827731778
3,2,1,0,4,3,2,1,1,1,1,1,1,6,0.43228595366043
2,2,2,5,5,3,3,1,3,2,3,1,3,6,1.48869709396785
6,4,1,0,3,3,4,3,3,3,3,4,2,7,0.633436751907735
6,3,1,0,4,4,4,1,1,4,4,3,1,8,0.635925108649363
4,4,1,7,3,4,4,1,3,3,4,2,5,3,0.342309360312343
5,4,1,6,3,3,3,1,1,4,4,3,2,8,0.0297382286072065
5,1,2,7,6,3,3,3,3,1,1,3,1,5,2.52812165379391
4,4,2,8,3,3,4,1,3,5,6,3,7,7,0.468890904290131
4,3,1,7,4,3,3,1,1,3,3,1,2,3,0.0803813500137282
7,1,2,6,5,3,3,2,1,3,3,4,1,3,1.93485092386563
5,2,1,4,4,2,3,3,1,1,1,1,1,6,0.938605879654102
4,2,2,8,4,3,3,1,3,3,3,1,3,8,2.48676220312447
7,4,2,4,4,3,3,2,1,3,4,1,1,8,0.583343992900438
3,4,1,7,4,3,3,1,3,2,4,4,4,6,0.423423195214793
2,2,2,0,5,3,3,2,2,1,3,2,2,8,2.99842087124986
6,1,2,4,5,3,3,2,1,4,3,2,1,8,0.970631163216759
4,3,2,7,4,4,3,1,3,4,3,1,3,1,0.397117447634879
4,2,2,0,1,3,3,1,1,3,3,2,1,1,0.343634214237946
4,1,2,7,3,3,3,3,3,4,4,3,6,4,1.78813778659732
6,1,2,0,5,3,3,2,1,3,3,2,1,8,0.295470474826168
5,3,2,7,3,1,3,1,3,4,3,1,3,6,0.387772378172431
6,3,2,8,3,3,3,1,1,5,6,1,5,6,1.70257304245144
3,3,1,0,6,3,3,1,3,1,3,3,3,7,0.866144838092303
5,4,2,7,3,4,4,3,3,5,5,4,5,6,0.252109431944022
6,4,1,0,3,5,6,3,3,4,7,4,5,8,0.386229983803236
2,2,2,0,5,3,3,3,3,3,3,3,3,7,0.186064690080565
6,1,1,2,4,3,3,5,6,3,6,5,5,7,1.2669195922381
5,3,1,0,4,3,5,4,1,3,3,3,1,7,0.394257704059461
5,2,2,1,5,3,3,1,1,3,3,1,1,6,0.916761749841645
4,3,1,2,4,4,3,1,3,4,4,1,3,1,0.08776761058651
3,4,2,2,4,3,3,2,2,3,2,1,2,3,0.746412451586827
5,4,1,0,4,4,5,3,3,4,5,4,1,8,0.438102287453493
5,3,2,0,4,5,4,1,3,4,4,3,3,8,0.0601659610967359
4,2,2,7,4,4,4,1,3,5,6,4,5,7,1.01406089155995
5,1,2,0,5,4,3,2,1,3,3,3,1,7,0.164239923748855
5,2,2,2,5,3,3,2,3,5,5,4,4,3,0.333461562369467
3,4,1,0,4,3,3,1,1,3,3,1,3,6,0.580933114759521
6,2,2,4,4,3,1,1,1,3,3,2,1,6,0.0527326857903158
3,4,1,0,1,3,4,5,6,5,5,4,6,7,0.785333137443296
5,1,2,3,5,4,3,1,1,3,1,3,1,7,3.16618813255518
4,2,2,2,4,3,3,1,3,3,3,1,2,3,0.934550500347904
4,2,2,4,5,3,3,3,1,4,4,5,1,7,1.12950916122333
6,4,1,5,4,3,3,1,1,1,1,1,1,8,0.29482973648286
4,2,2,7,5,5,3,3,3,3,4,5,3,7,2.30596523810296
4,3,1,8,3,2,3,1,2,1,3,1,1,8,1.30633765910282
6,3,2,2,4,5,3,3,3,5,5,1,1,6,0.0386256280731926
5,3,1,4,4,3,3,1,2,4,3,1,3,8,0.0238150663713937
4,2,1,4,4,3,3,1,3,3,3,1,3,7,1.14820405174175
2,4,2,8,4,5,4,1,3,5,5,3,3,1,0.363006024277648
4,2,2,4,5,3,3,2,3,5,4,3,4,4,1.01078142850554
2,4,2,8,3,3,2,1,1,3,3,1,3,3,0.0638009780771153
2,4,2,5,4,4,3,1,1,3,1,3,3,1,0.129414220878238
2,3,2,3,5,4,3,1,2,3,3,1,2,5,2.01877987139493
4,3,1,1,4,4,3,3,3,3,3,3,3,5,0.82334326217686
3,3,1,8,4,3,3,1,3,5,3,1,3,6,1.24568406905786
4,2,1,7,4,1,1,1,3,1,1,1,3,5,0.72068669209223
4,2,1,0,6,3,1,1,1,1,1,1,1,6,0.691870950397699
6,3,1,7,4,3,2,1,1,3,3,1,1,8,0.826170883485729
5,4,1,0,4,3,3,3,1,4,3,1,1,7,0.105998913346859
3,3,1,4,4,2,1,1,1,1,1,1,1,3,0.960949367560599
5,3,2,4,3,2,2,2,1,2,2,2,1,5,0.206238068912965
2,3,1,1,5,3,3,1,3,5,1,1,7,7,2.04824843706321
6,3,1,7,3,4,3,3,1,3,3,3,1,8,0.45985765928904
2,1,2,0,6,4,2,2,2,2,2,2,3,5,3.70234829830645
3,3,2,4,5,4,3,3,5,4,3,3,5,1,1.02661889178921
3,3,2,0,5,4,3,1,3,5,4,4,5,3,1.19108523663087
3,2,2,0,6,5,4,1,1,3,3,1,1,8,0.924054186074927
5,2,1,2,4,5,4,4,4,3,3,3,1,1,0.711189910916717
6,1,1,4,3,5,4,3,1,3,3,3,1,7,2.43598544760372
4,3,2,0,5,3,3,1,1,4,1,1,1,1,0.279332056169903
1,3,1,3,5,3,1,2,1,3,1,2,1,7,1.85328008534329
3,3,2,7,4,3,3,3,2,3,3,3,2,7,1.31804956862319
4,3,2,2,3,3,4,3,3,1,3,1,3,6,0.49078140760686
4,3,1,1,3,3,3,3,3,3,3,3,3,6,1.26352929867721
3,2,1,0,5,4,3,1,1,3,3,2,3,1,0.871483798639842
6,1,2,0,5,3,3,2,1,1,3,3,1,8,1.63942709480268
4,3,1,3,3,3,3,2,2,3,3,3,3,6,0.202392409841617
6,1,1,7,3,5,3,1,1,6,3,4,1,6,2.81990515854074
5,4,1,8,3,3,3,1,2,3,3,2,3,6,0.189442327941276
4,4,1,7,3,3,3,2,2,4,7,3,4,3,0.150501513658454
4,4,1,8,4,4,4,3,3,4,3,3,3,7,1.51027748723909
5,3,2,0,3,4,3,1,1,4,4,3,3,3,0.605154774176724
5,4,1,4,3,1,3,1,1,4,3,1,1,7,0.36220435942749
6,4,1,0,3,3,3,2,2,3,4,3,4,3,0.188631412737625
5,3,1,7,5,2,1,1,1,3,5,3,3,8,0.846513069028316
7,2,1,0,6,5,3,1,3,1,1,1,1,7,3.38757677941432
5,2,2,5,2,3,3,1,1,3,3,1,1,8,0.737505037196099
2,4,1,7,3,3,3,1,1,6,5,4,5,6,0.970531276173806
6,1,1,0,3,3,3,3,2,3,3,3,1,7,2.02815339684572
4,3,2,3,2,4,3,1,1,5,6,4,6,7,0.837732506531824
4,4,2,6,3,3,3,1,3,1,2,1,3,3,0.338698672891228
4,4,2,6,3,3,3,3,1,4,5,3,1,7,0.0782604973327805
3,3,2,3,5,2,3,1,1,3,2,3,2,7,1.16426453245221
5,4,2,7,4,5,3,1,3,3,4,4,4,8,0.420724202255479
5,1,2,2,5,2,3,3,1,1,1,1,1,7,2.56530397863082
6,4,2,8,3,3,4,3,3,3,3,2,3,8,0.210037270168759
3,2,1,0,6,4,3,3,3,3,4,3,4,5,1.04632795669162
2,1,2,7,5,3,4,1,3,4,3,1,3,7,5.27017622018938
3,3,1,8,5,3,4,1,2,2,4,2,1,3,3.56966281159578
4,2,2,4,5,3,3,1,2,1,3,1,2,7,0.670031930387211
5,2,2,6,2,5,4,1,3,5,4,5,6,1,0.219200283926458
3,4,1,8,3,3,3,1,2,1,5,3,5,2,0.816504876538053
3,3,2,7,5,3,3,3,1,3,1,1,1,6,0.515295448689327
7,3,2,6,5,5,5,3,1,6,6,4,1,8,0.958070977563318
3,4,1,8,3,3,3,1,1,3,4,1,2,3,0.362821300851246
5,4,2,6,3,3,4,3,3,3,4,3,3,8,0.201860443141372
6,2,1,0,3,3,3,1,1,5,4,4,3,3,0.271077119845773
2,4,2,0,5,3,4,1,3,3,3,3,4,7,1.86266975072952
5,3,1,0,5,3,3,1,3,4,3,2,1,5,0.0537377265889277
4,2,2,4,5,3,3,3,2,4,3,3,4,8,0.030588128283507
2,4,2,7,3,3,3,1,3,4,3,1,4,5,1.50802837112775
3,4,1,7,3,2,2,1,1,7,6,1,5,6,0.405542054328364
5,3,2,7,3,3,3,1,2,4,5,1,4,3,0.383065059517445
6,1,1,7,4,3,2,1,1,3,3,1,1,7,2.53259608714013
6,2,2,5,5,3,3,1,1,4,3,3,1,8,1.41400013017743
5,2,2,7,5,4,3,1,1,3,3,1,1,1,1.66417367083898
2,2,1,0,6,4,3,1,3,4,3,1,3,8,0.211624144634356
4,2,1,4,6,3,4,3,3,3,4,4,7,3,0.181726256289834
5,4,2,3,3,3,5,3,5,4,4,2,4,5,0.202353892008367
2,2,1,0,6,3,4,3,3,4,4,3,3,1,0.813331218286155
2,4,2,5,5,3,3,1,1,3,7,5,6,6,1.14037943262922
4,2,1,7,5,2,3,1,1,2,3,1,1,7,2.45331436931319
5,1,1,1,4,4,3,3,3,1,1,1,3,3,3.16478078114488
5,1,1,4,6,4,3,3,3,4,4,5,4,8,2.33465347424465
2,3,1,0,4,2,3,1,1,2,1,1,1,1,1.58899842525054
3,3,1,6,4,3,2,1,2,4,4,1,3,8,0.76129367635887
6,3,2,2,4,3,3,3,2,4,3,2,1,8,0.0682416872524713
5,1,1,0,6,2,3,3,1,1,3,3,1,3,0.260482607980721
3,3,2,0,4,3,3,2,3,1,1,1,1,7,0.162503719469655
3,2,2,0,5,3,3,2,1,3,3,3,1,8,0.454405943929025
6,2,1,6,4,3,3,2,1,4,3,3,1,7,0.0462669955128988
6,4,1,3,3,4,3,3,1,3,3,3,1,1,0.373769153231467
4,2,1,7,5,3,3,1,1,1,2,1,1,3,0.0357407006012065
3,3,1,7,6,3,3,3,1,3,2,1,1,8,0.0488224989399358
6,3,2,2,4,5,4,2,3,4,3,1,1,8,0.545276343851418
6,4,1,0,3,4,3,1,3,5,4,4,5,8,0.288787804618176
3,4,1,0,3,4,4,1,1,5,3,4,5,3,0.45522153373356
4,1,1,0,4,3,3,1,1,1,1,1,1,7,0.833844526647683
5,4,2,7,3,5,4,1,3,5,6,1,6,3,0.281022891450364
4,1,2,3,6,3,2,1,2,3,2,3,2,8,1.86240386869563
5,3,1,4,3,4,4,2,1,5,4,2,1,6,1.43274673486951
5,3,2,4,5,3,3,1,1,3,3,3,1,6,1.10479099252855
3,3,1,0,6,3,3,1,3,4,5,1,5,3,0.475999020094895
4,1,1,7,6,3,3,3,1,3,6,3,1,6,4.3247231398103
4,4,2,3,3,4,3,1,3,5,5,1,4,1,0.0259720357695811
7,2,1,3,6,3,3,3,1,6,6,6,7,8,1.08394149930662
2,4,1,7,3,4,3,1,1,6,5,1,4,5,1.28009709145004
5,4,2,7,3,5,5,1,1,4,5,1,1,7,1.13672130217558
5,3,2,0,4,3,3,2,3,3,4,1,4,6,0.455194121671854
4,4,1,7,3,3,3,3,3,3,3,3,3,6,0.399751893735592
6,2,2,3,3,3,3,1,1,1,3,3,1,7,0.795316862789532
4,3,2,4,2,3,2,1,2,3,4,3,4,1,0.285467962916504
4,3,2,6,4,3,3,3,3,3,3,3,3,7,1.30996274479844
3,3,1,2,3,2,2,1,3,3,2,1,2,3,0.48514941642249
5,3,2,7,4,3,3,2,2,3,4,1,1,8,0.162865542486595
2,3,2,7,4,2,3,1,2,3,3,3,3,7,1.68473948499627
4,4,1,4,3,3,3,1,2,1,3,1,3,3,0.132998495980398
5,4,1,0,3,3,3,3,3,3,4,3,4,7,0.202864524502952
6,3,2,7,4,3,2,2,1,2,2,1,1,3,0.0398016128045725
6,2,1,7,4,3,3,3,3,4,3,2,2,8,1.54380587383594
6,1,2,7,6,3,3,1,3,1,4,4,4,8,2.6334920494
2,1,1,0,6,4,4,3,3,4,4,4,3,7,0.681853197837348
4,1,2,0,5,3,4,1,1,3,3,3,3,6,0.841773576827817
2,4,1,7,3,3,4,2,2,5,4,4,3,8,1.96985464769993
3,4,2,8,4,3,3,2,3,3,3,1,3,6,1.49003632895458
4,3,2,7,5,4,3,1,1,5,3,3,2,7,1.76806920296157
3,3,2,0,4,3,3,1,1,5,1,3,5,8,0.460563048036452
2,4,1,3,6,2,2,1,1,1,1,1,1,7,1.21313100957575
6,4,1,4,2,3,4,3,1,3,4,3,1,1,0.960769999698742
5,3,2,2,3,3,3,3,3,2,4,4,4,7,0.459321023021021
3,4,2,4,3,3,3,3,3,3,3,3,3,8,0.472343810463625
6,2,1,4,4,1,3,2,1,1,1,1,1,7,0.677742738623018
2,3,2,7,4,2,3,1,1,3,3,3,3,8,0.832435735724071
6,4,2,1,3,4,4,2,1,5,5,4,1,6,0.0208010305272978
3,2,1,7,5,3,3,1,2,3,3,1,4,3,1.0037974112118
5,3,2,4,3,2,4,1,1,1,6,3,1,6,0.0402351707397163
6,2,2,3,3,3,3,1,1,2,3,2,1,7,0.697680716294877
5,2,2,5,5,4,3,1,3,4,3,1,1,7,1.21714603132447
6,3,1,4,3,4,5,2,1,3,3,2,1,8,0.0578036533345379
3,4,2,4,4,3,4,2,3,4,5,2,4,7,0.212999657759751
3,2,1,0,4,3,2,1,1,2,1,1,1,3,1.94021687667304
5,3,2,8,5,3,3,2,3,2,4,3,3,3,0.438901213638121
3,4,1,7,3,3,3,1,1,4,4,1,3,7,1.28428490428869
3,3,2,7,2,3,3,3,3,4,4,4,4,5,0.0554847666668567
4,4,1,8,3,1,4,1,4,1,1,1,7,7,0.054372720544617
5,1,2,6,5,1,3,1,1,1,3,1,2,7,0.19803813267578
5,4,1,8,3,3,3,1,1,1,3,4,3,7,0.635005639525919
6,4,2,2,3,3,3,2,3,3,3,4,3,3,0.198152541382545
4,3,1,8,2,3,4,1,3,4,4,1,4,3,0.701560707254038
3,3,2,0,5,3,3,3,3,1,5,3,4,1,0.788878266968416
3,3,1,6,5,3,3,2,3,3,1,1,1,7,0.988135379766907
4,3,2,7,5,4,4,3,3,3,3,3,2,1,0.212661175076659
5,2,2,8,5,3,3,1,2,3,3,2,3,7,0.484356137044992
4,2,1,0,3,3,2,2,1,3,2,2,1,3,0.122597271088535
2,3,1,0,6,3,3,1,1,4,4,1,1,7,2.08214174957128
4,3,1,8,6,4,3,1,1,3,2,1,1,1,1.53162934074123
6,3,1,0,3,4,3,1,1,2,2,1,1,5,0.499948881821085
6,1,2,0,4,3,2,1,1,1,3,1,1,8,0.951236911815806
4,3,2,0,5,3,3,3,1,3,3,3,1,6,0.603182492462543
4,3,2,4,4,5,4,1,3,4,4,1,4,8,0.412011279071855
5,3,2,6,4,3,4,3,4,1,6,6,5,7,0.343883715039253
6,3,2,0,6,2,3,3,1,3,3,1,1,7,0.401147340200075
2,4,2,0,6,3,3,1,3,2,2,1,1,5,1.10289331342715
5,1,2,0,5,4,3,3,3,3,5,5,4,7,1.86780662513791
6,2,2,5,2,3,4,4,1,3,3,3,1,6,0.713440232697314
5,2,2,0,2,3,2,1,1,5,4,1,1,6,0.658094271462418
5,3,2,0,5,4,3,1,3,4,5,4,4,6,0.203605090856418
4,2,1,1,6,2,3,1,1,3,3,1,2,5,0.173768172122706
5,3,2,0,6,5,5,4,1,3,1,1,1,6,0.1459364860572
3,3,2,2,5,2,2,2,2,2,2,2,2,7,0.702602216368417
7,3,1,7,3,3,3,2,3,3,3,2,2,5,2.20268954319039
6,3,1,0,4,4,4,3,4,3,4,3,3,6,0.170588763685381
6,2,2,0,5,3,3,3,1,6,5,5,1,7,0.122503924109836
6,4,1,5,3,3,3,1,1,3,3,1,1,7,0.575520650649155
5,3,1,3,6,3,1,1,1,4,3,3,3,8,0.654985044740726
3,3,2,0,2,2,3,1,1,2,3,1,3,7,0.187782075831602
4,1,2,0,5,5,4,1,1,1,4,1,1,8,1.13313157444255
2,4,2,0,4,3,2,1,2,3,3,4,5,8,0.862165385559284
4,3,2,4,4,3,2,1,3,4,3,2,4,8,0.349686789592207
6,3,2,5,4,3,3,1,1,4,5,3,1,7,0.752218774673464
3,4,2,0,4,4,3,1,2,1,3,1,3,7,0.23557729665371
2,4,2,6,4,5,5,1,3,5,5,1,1,5,1.09562672075433
6,4,2,4,4,6,5,6,1,6,5,6,1,7,0.361995513302592
3,3,1,0,2,3,3,3,3,5,4,3,7,6,0.953438136666998
6,4,1,5,3,3,3,1,1,1,1,1,1,8,0.100379441574681
6,3,1,4,4,4,4,3,1,3,4,1,1,8,0.67719795034225
6,2,1,6,4,4,3,3,1,3,3,1,1,7,0.0759752768422339
1,4,1,7,3,3,5,2,1,4,6,1,3,3,2.03791175170977
4,3,1,8,4,3,3,1,1,1,1,3,3,8,1.78666435788989
5,4,1,3,4,4,5,4,4,6,6,6,4,7,0.92540664113649
3,3,1,6,5,4,3,1,2,6,5,3,4,8,0.899705962260546
6,2,1,3,6,4,4,3,3,3,1,1,1,8,0.898766012473654
3,3,1,7,6,3,2,3,3,3,2,3,3,3,1.17243063519906
6,4,1,3,2,2,1,1,1,3,3,2,1,8,0.254887209840916
6,4,1,8,3,3,4,2,1,3,5,3,1,3,0.855458941035333
3,3,2,1,4,2,3,1,2,3,3,1,3,1,0.940362900500756
2,4,2,7,3,3,3,1,2,4,5,3,5,5,0.175785896948522
4,4,1,7,4,3,2,1,3,1,3,1,3,3,0.944755399017285
5,3,2,2,4,3,3,1,1,3,3,2,1,8,0.699923354769918
4,3,2,0,5,2,2,1,1,2,2,1,1,7,0.277849063622176
5,1,2,2,6,3,3,2,2,3,3,2,2,8,2.01372825926165
3,2,1,3,4,2,3,1,3,2,4,1,3,6,0.995794812745016
2,3,2,7,5,3,1,1,1,1,1,1,1,1,1.26900491885924
5,3,1,0,4,3,1,1,1,1,3,3,1,8,0.797944637892569
4,4,1,7,3,3,4,2,3,4,5,1,4,7,0.413788404607803
3,3,1,4,3,3,4,3,4,4,4,3,4,7,0.740269090011596
5,1,2,5,6,3,4,3,1,1,1,1,1,8,1.88714673635931
4,4,1,7,3,6,6,3,3,1,4,4,3,3,0.606084725185321
2,3,1,0,4,3,2,3,3,3,2,3,3,1,1.96194425656617
7,4,1,8,3,3,6,3,1,7,6,5,1,8,2.10329716800479
4,4,1,7,3,3,3,1,3,3,1,1,3,3,0.406999288210434
6,4,2,7,5,3,4,2,2,4,4,2,2,7,0.430841307111575
4,3,1,2,3,1,4,1,1,3,5,1,1,7,0.538021431531378
2,2,2,5,5,3,4,3,4,3,3,4,3,3,2.86904976410748
6,1,1,5,3,1,4,1,1,3,4,1,1,7,3.23876149570385
3,3,2,1,5,3,3,1,2,2,3,1,2,3,0.768012009658116
4,2,2,2,5,3,3,3,2,1,1,1,1,3,1.12698121344257
2,3,2,0,5,3,3,3,3,4,5,3,5,7,1.51143274902823
5,1,1,5,2,5,3,4,3,1,1,3,3,6,0.885612880659459
3,4,2,0,4,3,3,2,1,3,3,1,3,3,0.579519335829188
1,3,1,3,3,3,2,1,2,1,2,1,1,6,3.32660124576229
4,1,2,2,4,3,3,1,3,3,3,1,1,1,2.38993917091791
5,2,1,7,4,3,3,2,2,3,1,1,1,7,0.887187815363068
3,3,1,7,5,3,3,1,1,3,3,1,1,1,1.00736626547245
4,4,2,7,3,4,5,4,4,4,4,4,5,1,0.259374752160944
6,4,1,1,3,4,4,3,3,4,5,4,5,5,0.483782640276858
5,1,1,1,5,4,4,1,3,1,1,1,1,7,0.865928298100184
5,3,1,0,6,3,3,2,3,5,4,3,3,4,0.0577003990812875
6,3,1,5,4,4,3,3,1,1,3,3,1,3,0.884897062449971
6,3,2,0,4,3,3,3,1,1,3,1,1,6,0.725584897846076
3,3,1,6,4,4,4,1,4,4,5,3,6,6,0.89927428446413
3,4,1,8,3,4,3,3,3,6,7,1,5,6,0.24575485767111
3,4,2,0,4,4,5,1,4,4,4,1,5,7,0.637536200404268
4,4,1,8,3,4,3,3,3,3,5,4,5,6,0.683887113166905
4,4,2,8,5,2,2,2,1,6,5,4,1,7,0.300485395425903
4,4,2,7,4,3,3,1,2,3,1,1,1,6,0.651130354641244
6,1,1,2,4,2,2,1,1,3,3,1,1,7,1.73013388321834
4,3,1,0,4,3,3,1,1,4,3,1,3,8,2.26760795583773
5,2,2,4,5,3,3,1,2,1,3,1,1,8,0.492518857581052
3,3,1,8,4,3,3,1,2,3,6,1,5,7,2.38692995411535
3,3,2,7,4,2,2,2,1,1,1,1,1,7,1.21957886511467
6,4,1,6,3,4,3,3,3,1,3,2,2,5,0.342247080697844
5,3,2,4,4,3,4,3,3,1,4,1,1,6,0.879512295594884
4,3,1,5,4,3,3,1,3,5,4,1,4,3,0.988760967570388
5,2,1,1,4,4,3,1,3,1,3,1,3,6,0.810326318569157
5,3,2,4,6,3,1,2,1,3,1,1,1,8,0.495786464882187
6,3,2,7,4,3,3,2,1,1,4,3,1,1,0.354603567285774
4,2,2,0,5,2,3,1,3,1,1,1,1,7,0.746579169089578
3,3,1,7,6,3,2,1,1,3,2,1,1,6,0.688449567002902
2,1,2,2,5,2,3,3,1,2,3,2,1,8,4.49494766818246
2,3,1,3,4,3,3,2,2,2,3,2,3,5,2.08367838728487
3,4,2,7,2,3,3,1,2,7,5,1,5,3,0.983297376008615
3,4,2,4,3,3,4,2,2,2,5,3,4,6,0.652703002845758
6,2,2,0,1,4,3,1,1,4,4,3,1,7,0.442839506280342
5,1,2,6,5,3,3,2,3,3,3,2,4,8,0.899412435687886
2,3,2,5,5,3,3,1,1,3,3,1,1,3,0.202025364764836
4,2,2,4,5,3,3,1,3,1,1,1,1,7,0.229271805900393
3,3,1,8,4,5,4,3,4,6,5,3,4,5,3.31649371913304
4,1,1,7,3,4,4,3,4,4,3,3,4,5,0.254673316699568
6,2,1,8,6,3,3,3,1,3,3,3,1,7,2.37368413774475
5,1,2,7,4,3,3,1,2,2,3,1,3,5,1.2826587151364
4,3,2,4,5,3,3,1,3,4,4,1,4,7,0.692181709022659
6,2,2,1,4,4,3,2,2,5,4,3,4,8,0.953571831114813
3,2,1,8,5,3,3,1,1,3,1,1,1,7,1.39316058561559
6,3,2,6,5,3,3,2,1,4,3,2,1,7,0.414106127658918
6,1,1,7,6,3,3,3,2,2,4,4,4,1,1.67305414204309
6,4,1,6,4,4,3,2,1,2,2,2,1,8,0.424312186246591
3,4,1,7,3,2,3,1,2,1,1,1,1,6,0.314540355737859
6,1,2,5,5,3,3,3,1,1,1,3,1,8,1.42044876975543
4,3,1,4,4,2,1,1,2,3,4,1,5,7,0.0669481330269145
4,3,1,2,4,1,2,1,1,1,1,1,1,6,1.41269558710997
4,2,1,6,6,3,3,1,3,4,5,3,3,6,0.974930250629937
4,4,2,4,4,3,3,1,3,3,3,1,3,6,0.185621703249404
6,2,2,1,5,2,3,3,1,1,1,3,1,7,0.786021362844727
5,2,2,3,2,1,3,1,1,3,1,1,1,8,0.406736144199273
6,1,1,0,2,2,1,1,1,2,1,1,1,3,3.21802130594208
4,3,2,2,3,6,4,1,3,6,5,3,5,1,0.56149083565046
4,2,2,0,4,2,2,1,1,5,3,1,3,3,0.210329450151813
5,1,1,4,4,4,6,4,5,5,7,4,6,3,0.879513292848396
4,1,2,0,5,3,3,1,1,3,1,1,1,6,1.99026551932718
5,2,1,4,4,4,5,3,2,3,3,3,1,1,0.0246722464010997
3,1,1,3,6,3,3,1,2,1,3,3,1,7,1.84225818182674
4,2,1,0,6,3,3,3,3,3,3,3,3,3,0.483271201743064
7,2,1,0,6,2,2,1,1,2,1,3,1,7,0.855316545856712
6,1,2,0,2,3,3,2,1,2,2,2,1,7,0.868593360541201
5,2,2,2,4,3,3,2,2,3,2,1,1,3,0.733740542364581
5,2,2,2,5,4,3,1,1,5,4,1,2,7,0.415203075005889
4,2,2,0,6,5,1,1,3,3,1,1,3,7,0.825569632020187
5,3,2,4,4,3,1,3,1,3,1,2,1,7,0.0288918075709159
6,4,1,0,3,3,4,3,5,3,4,3,4,8,0.318709301519805
5,1,1,6,3,2,4,1,1,2,2,1,1,8,0.0839858122491412
1,4,2,7,4,3,3,3,3,4,3,3,4,7,2.08283389316114
4,3,1,0,4,3,4,1,1,1,4,1,1,7,0.0605120818303233
6,1,2,0,2,2,3,1,1,3,2,1,1,8,0.723829403534392
6,1,2,8,5,3,2,3,1,1,1,1,1,8,3.40919399681324
5,3,1,0,4,4,3,3,3,3,5,5,5,8,0.50494561840577
2,3,2,6,4,3,5,3,3,5,6,4,7,1,1.5880533174384
5,2,1,4,4,3,3,4,1,3,3,3,1,6,1.44202589737332
5,1,2,0,5,6,3,1,3,7,7,6,3,6,1.15396132551938
4,2,1,6,6,3,3,1,1,1,1,3,1,7,1.21614228024979
2,1,1,8,6,2,1,1,1,3,2,1,1,3,1.01945360855672
5,2,1,6,4,3,2,1,1,1,1,1,6,7,0.760028468965667
2,3,2,7,4,3,3,1,3,1,3,1,3,3,1.75546610272735
3,3,2,7,5,2,3,1,1,1,3,1,1,3,0.971310419821043
5,4,2,8,3,4,4,1,3,4,5,2,3,7,0.476049987833169
5,2,2,7,5,2,4,1,2,2,4,1,2,7,0.610071157082018
3,3,1,8,2,3,3,1,2,2,3,1,1,5,1.24873124292913
3,4,1,0,6,4,4,3,2,3,1,1,1,3,0.498909277981508
6,3,1,6,4,3,3,3,1,4,4,3,1,8,0.541263409581232
4,2,2,0,5,3,1,2,1,3,1,3,1,4,0.429156926195465
6,1,2,2,5,4,4,3,1,3,3,3,1,8,1.30316215885971
3,3,2,4,5,3,3,1,3,5,4,3,5,8,0.768340498085936
4,3,1,0,1,2,1,1,1,3,3,2,4,7,0.598396318022494
5,2,2,2,5,3,1,1,1,1,1,1,1,1,0.601281759917529
2,3,2,0,5,4,3,2,1,5,6,3,1,6,0.850867995859136
5,4,1,7,3,2,4,3,4,4,3,1,3,3,0.415401269248429
4,4,2,4,3,4,2,1,1,1,4,1,1,8,0.419250028358185
5,1,2,1,4,4,3,2,3,4,3,2,3,5,1.90930421289651
5,3,2,7,4,2,3,3,1,4,4,3,1,6,0.781517460151462
3,3,2,5,5,4,4,1,1,1,1,3,4,1,0.0377995456012678
4,4,1,5,4,3,3,1,1,3,3,1,3,3,0.414361229764637
3,3,1,0,6,5,4,3,5,5,4,5,6,6,0.742345711939716
3,4,2,4,5,3,2,1,1,2,1,1,2,3,0.0424034279545007
5,3,2,1,4,3,3,2,2,3,3,2,3,7,0.189119838995573
2,4,2,8,3,4,4,1,2,5,4,3,5,5,3.37719563162894
4,3,2,6,4,3,3,2,3,1,3,1,4,8,0.473743367194503
2,1,2,8,5,3,3,1,2,1,2,1,2,5,8.51251665428133
5,4,2,5,4,3,3,1,1,3,3,4,3,6,0.842694071084637
4,2,2,3,5,5,6,3,3,2,4,2,1,7,0.765189062898499
6,1,2,2,2,3,3,3,1,3,3,2,1,7,1.42260319371969
5,2,1,4,2,4,4,2,1,4,5,1,1,6,1.38893840470414
5,3,1,0,2,3,3,1,1,1,6,5,1,7,0.479720724743357
6,1,1,7,4,3,4,3,3,1,1,1,1,3,2.99593828850829
2,3,1,0,4,3,3,2,3,3,3,1,1,8,1.95831641746987
4,3,1,7,4,3,4,1,3,3,1,1,1,3,0.49593531077543
4,4,2,7,3,3,3,1,1,4,3,1,1,5,0.540008274710453
4,3,1,5,5,4,2,1,1,4,2,1,1,7,0.126830717440886
4,3,1,0,2,3,3,1,1,3,5,1,1,3,0.556378749116175
2,4,1,2,3,5,4,3,1,5,4,4,4,3,1.05947347522072
1,3,1,0,6,3,3,1,1,3,3,3,2,1,3.26087784231165
4,2,1,1,6,3,3,2,1,4,4,1,1,1,0.472489199683265
4,2,2,2,5,3,3,3,3,3,3,3,3,3,0.959867755223272
4,2,1,1,1,1,3,2,2,2,1,1,1,7,0.805948299925639
2,1,2,4,5,3,1,1,1,1,3,2,2,6,7.74137023190764
4,3,1,7,6,4,2,2,1,3,1,1,1,6,1.10489179622238
3,4,1,7,4,4,3,3,3,7,4,3,3,3,0.214706159814057
2,3,1,5,3,3,2,1,4,1,3,1,6,7,2.16484153113868
6,4,2,8,5,4,3,3,3,3,4,4,3,6,0.439587561413063
4,2,1,0,3,3,3,1,1,3,1,1,1,1,0.789932681912928
3,4,2,0,4,3,4,3,3,5,5,4,3,3,0.80314236441422
5,4,2,5,3,5,5,3,4,4,3,1,3,6,0.338289373755295
6,4,2,7,3,3,4,3,3,4,7,4,4,6,0.0991413409246828
5,3,1,7,3,3,3,3,3,6,5,6,7,7,0.565543750334183
3,4,1,4,2,5,3,3,3,4,3,1,4,7,0.450733833675979
3,3,1,4,4,3,2,1,2,2,2,1,2,7,0.548840536447156
6,1,2,0,1,3,4,1,1,3,5,3,1,7,0.29019775156457
4,3,2,0,4,3,3,3,3,1,3,3,3,1,0.164183749620934
6,2,1,2,6,3,3,2,2,3,3,3,3,6,0.945369063721415
4,3,2,0,4,3,3,3,3,4,4,3,6,6,0.430145255408484
2,3,2,7,5,3,3,1,3,2,3,1,5,1,0.690974076091935
6,3,2,0,5,3,3,1,1,2,3,1,1,3,0.264690726861673
3,4,2,8,4,3,3,1,3,6,5,1,5,2,1.73765582146821
3,1,2,0,5,3,3,1,2,3,4,1,4,7,0.907088013897795
3,3,2,7,6,3,1,1,1,3,1,1,1,8,0.0349595261712954
3,3,2,0,5,3,3,3,3,3,3,2,3,1,0.114897288347029
3,3,1,7,4,3,3,1,1,3,3,2,3,5,1.51768258077283
5,1,2,5,5,2,1,2,1,2,1,1,2,7,0.796268058568935
3,4,2,8,5,3,3,1,2,3,3,1,2,1,3.00895533013736
5,3,2,2,5,3,4,3,4,4,4,3,4,1,0.746953777817703
4,4,1,0,4,5,4,1,3,3,3,1,3,7,0.0285187521516602
5,3,1,4,3,4,3,1,3,3,3,1,1,8,1.15288442490292
3,4,2,7,3,3,3,3,3,4,4,1,4,5,0.163707715081302
4,4,1,0,3,4,3,1,1,1,3,3,4,6,0.199598903310241
4,3,2,0,4,3,3,3,2,5,4,3,3,3,0.502262124676586
5,3,2,3,5,3,1,1,1,3,4,1,1,1,0.842919199670208
5,1,2,6,4,4,4,3,3,1,5,3,4,3,3.06912697633096
4,2,2,0,4,3,2,1,1,3,1,3,3,1,1.0612961247636
5,3,2,0,4,3,3,1,3,3,4,1,4,8,0.301639309647976
3,3,1,0,5,2,3,1,3,3,4,1,4,7,0.734482799655229
6,3,1,8,2,5,5,4,3,3,3,2,2,1,0.551048022174777
3,2,2,0,5,3,3,1,1,5,4,3,4,3,0.779635169471253
5,1,2,5,5,3,3,1,1,3,3,1,4,6,1.03026435873466
2,3,1,7,4,4,3,1,3,4,1,1,5,5,5.82797206935702
6,4,2,4,3,3,3,3,3,3,4,3,3,8,0.28805081675797
4,2,2,7,4,2,3,1,1,2,3,1,2,7,0.836289810467708
2,1,1,2,5,1,1,3,4,3,3,3,4,3,4.42664026132349
7,1,2,0,5,3,3,2,3,3,1,1,1,8,3.37862325713809
5,1,2,0,4,3,3,1,1,3,3,3,1,8,1.21472287093956
2,3,2,0,5,4,3,3,3,4,3,4,4,4,0.262768036349312
4,3,1,0,6,3,3,3,3,1,3,2,2,7,0.593704125681209
5,3,1,0,3,4,3,2,3,3,3,3,3,3,0.490421332041016
6,1,1,6,3,5,3,4,3,5,3,3,3,1,2.2418859004386
2,3,1,7,4,3,3,3,2,3,3,3,2,5,0.470168718244755
6,3,1,7,4,4,3,3,3,2,3,1,4,6,0.42552097878783
5,3,2,2,4,3,3,1,2,4,5,5,5,6,0.538739371870193
3,3,2,3,5,2,2,2,2,2,2,2,2,8,0.0563515538530066
6,4,2,0,4,3,3,1,1,4,3,3,1,8,0.153552365668615
3,3,1,7,6,1,1,1,1,1,3,2,1,7,0.680313720455643
6,2,1,1,4,5,3,3,2,6,6,4,1,7,1.12382132662495
6,4,1,6,3,4,2,1,1,4,3,3,1,7,0.452823281765137
3,3,1,3,4,3,3,1,1,3,3,3,3,7,0.3677698840613
6,4,1,5,3,4,3,3,4,5,4,3,4,6,0.0432946459348521
6,1,1,5,2,4,2,1,1,3,1,1,1,7,0.426841427658074
3,3,1,8,4,1,3,2,7,2,3,2,2,1,2.43675575850154
3,4,1,5,6,4,3,3,1,3,2,1,1,1,0.540762587408398
5,2,1,0,6,4,3,2,1,5,4,3,1,7,0.50303054075375
2,4,2,2,3,3,3,1,1,3,5,1,1,6,0.774410944275152
5,2,2,2,4,1,2,1,2,2,3,1,3,6,0.315773302440402
4,2,1,4,6,4,4,1,3,3,3,1,3,1,1.60340306351934
3,3,1,0,4,4,4,1,4,4,4,1,4,3,0.713216970669448
4,1,1,7,6,4,3,3,3,4,3,3,3,6,0.783781223115555
6,1,2,4,5,4,3,2,1,3,3,2,1,8,3.1029243353694
5,2,1,3,5,3,4,3,3,3,3,1,4,5,0.763410062957534
6,3,1,3,3,3,3,3,1,1,1,1,1,1,0.605585411635799
5,3,1,8,3,4,3,3,3,3,3,2,3,5,1.12792959904113
5,4,1,7,3,4,3,1,3,5,3,4,5,7,0.261751961419919
6,4,2,6,3,3,5,3,3,3,5,1,3,8,0.167910990485935
6,4,2,4,3,4,4,1,1,1,1,1,1,8,0.451043652483187
2,3,2,3,2,3,1,1,1,1,1,1,1,6,0.203712262488668
3,4,1,8,3,4,3,1,3,5,4,3,5,5,1.00769592729717
5,4,2,8,3,2,5,1,3,1,5,1,3,7,0.468844006201337
6,3,2,4,4,1,3,1,1,3,3,2,3,8,0.207827183983768
3,4,2,7,3,3,3,3,1,5,5,3,5,6,0.0376408801645738
5,3,1,7,6,3,3,2,1,4,4,3,1,7,1.05370506960515
4,3,1,8,6,3,2,1,1,2,1,1,1,8,1.18430162066825
2,3,2,0,4,3,3,1,3,6,4,3,5,3,1.34678689315979
4,4,1,3,3,3,3,3,3,4,3,3,4,5,0.821416702582164
5,4,1,8,2,4,4,4,4,5,5,5,5,1,0.463318929580022
3,2,2,7,5,3,3,1,3,3,3,1,3,7,0.699244090487567
5,3,1,0,4,3,3,1,1,3,3,1,1,3,0.5943635254227
3,2,2,7,5,2,1,2,1,1,2,1,1,5,0.366098194146602
5,4,2,7,4,3,3,1,3,1,3,2,3,5,0.261700442886239
3,4,2,8,3,3,3,1,3,5,4,1,3,6,1.01011402745872
7,1,2,5,5,5,3,4,1,4,3,3,1,3,3.05368172806361
4,4,1,0,3,3,3,1,1,1,3,1,1,3,0.0800462473943162
5,2,2,3,5,3,3,3,3,3,3,3,3,7,0.307572265380595
5,2,2,7,5,3,3,2,2,3,3,2,2,1,0.0636515620911768
5,3,2,8,3,3,2,1,3,5,3,3,3,5,0.0361127960412158
6,4,2,8,3,4,3,2,1,4,4,1,1,6,0.528836648347812
5,3,2,8,5,4,3,3,1,3,3,1,1,7,0.910220965030902
2,3,2,0,4,4,4,1,3,5,4,3,4,8,1.32729924994054
4,3,2,5,5,2,4,3,3,3,5,3,3,3,1.11663698615568
6,4,1,0,3,5,5,5,1,4,7,1,1,4,0.272357501520701
5,4,2,2,5,3,2,1,1,4,4,3,3,3,0.463666721497283
4,3,1,5,4,5,4,3,3,3,3,1,1,6,0.726097243043664
6,4,2,0,4,3,4,3,4,6,1,2,3,7,0.208996149411408
3,4,2,5,3,3,3,2,3,3,3,1,4,8,0.47093104450312
6,3,1,1,1,3,3,1,2,3,2,1,3,6,0.545416699387001
4,4,2,8,3,3,3,3,4,3,3,3,4,5,0.33391136266576
4,4,2,0,6,3,3,1,3,3,3,1,2,5,0.17742730014005
5,3,1,2,2,3,3,1,1,3,4,1,1,6,0.946248077727547
4,3,2,5,5,1,4,1,1,1,3,1,1,6,0.2597793425048
4,3,2,7,3,3,3,1,1,6,4,1,5,7,0.464026278685352
5,2,2,4,4,3,3,1,1,1,3,3,3,7,0.491584527618026
2,2,1,7,5,3,3,1,3,3,3,1,1,7,2.48934854985754
4,1,2,0,6,3,2,3,1,3,3,3,4,7,0.789507338708329
6,1,2,4,4,4,3,3,3,5,4,3,3,8,0.12826090814639
6,3,2,8,4,3,3,3,3,3,3,3,1,7,1.06122117542051
5,1,2,0,5,3,4,3,1,3,4,3,1,7,0.126023156212588
4,1,2,5,5,4,3,2,3,4,3,2,3,2,3.04189631900082
4,3,1,8,5,4,3,3,3,4,3,1,3,6,1.09800609031127
5,3,1,0,4,3,2,3,2,3,2,2,3,3,0.294890434979293
4,3,1,2,4,3,1,1,1,2,1,2,1,7,0.616209904870165
3,3,2,7,2,3,3,3,1,3,4,3,2,6,0.958971808901959
4,1,2,1,6,4,3,1,1,3,4,1,2,5,0.262805095742881
1,3,2,0,5,4,4,1,3,3,3,1,1,7,2.33148817359609
3,3,1,8,4,3,2,1,2,2,2,1,1,8,2.49292833233237
2,4,1,8,3,3,3,1,1,4,3,1,5,3,0.488211175292167
5,4,1,5,3,3,3,3,1,4,4,3,1,8,0.0242903212866361
6,1,2,7,6,3,3,1,1,4,3,3,1,6,1.39245428910187
6,4,1,6,4,3,3,2,1,3,2,1,1,6,0.756224783599242
3,4,2,6,5,3,3,2,2,3,3,1,2,1,0.0295319512560611
4,3,1,4,4,3,3,1,1,6,6,3,3,3,0.53636890099648
6,4,1,0,2,5,5,3,3,6,6,3,5,6,0.0481700794153765
2,3,2,2,4,4,4,1,3,7,5,3,5,3,2.52376991708826
4,3,1,5,3,3,3,1,3,3,3,1,2,3,0.11118154132437
3,3,1,0,3,3,3,1,3,1,3,1,1,5,0.410523124364357
2,3,2,8,5,3,3,1,3,1,4,1,1,3,6.41528580943784
4,3,1,8,4,1,2,1,2,2,2,2,2,5,1.32170121629844
2,2,2,5,5,3,3,3,2,2,3,3,2,3,3.41720382425522
5,3,1,7,4,3,3,1,3,4,4,3,4,7,0.1715132929423
2,3,2,6,5,3,3,1,1,6,4,3,5,7,0.99291273248755
4,1,1,4,6,3,3,2,1,1,3,2,1,7,1.83604003445912
3,1,1,0,5,3,3,1,3,1,3,1,3,3,2.70719466283957
5,2,1,3,4,3,4,3,3,3,3,3,1,7,1.33165874522873
4,4,2,7,4,3,3,1,2,3,4,4,5,5,0.521002297446602
6,3,1,0,2,3,3,3,1,1,3,3,1,8,0.479362115681266
3,2,1,7,6,3,4,2,3,4,4,2,2,7,2.06953827289415
4,4,1,0,3,4,4,1,3,4,5,1,1,3,0.200664243183209
4,2,1,3,6,1,1,1,1,1,1,1,1,7,0.40281798052934
6,3,2,0,5,3,3,2,1,5,4,3,1,6,0.376716101483784
3,4,1,0,3,3,3,1,3,4,1,1,5,3,0.0894172066629204
6,2,1,7,2,1,3,1,1,2,3,1,1,7,0.122270266321358
5,2,1,7,3,1,3,1,1,3,3,3,3,6,0.651388930799582
4,3,1,5,3,4,4,3,3,3,3,3,3,5,0.770326516731603
5,4,1,7,3,4,1,1,1,6,3,1,1,1,0.17431833264534
5,3,1,6,4,1,3,1,2,5,4,2,4,6,0.556847435526207
3,3,1,1,4,3,3,2,2,2,3,3,3,3,1.37455496118533
6,3,1,8,3,4,3,1,1,3,3,1,1,8,1.62611302441275
6,3,2,5,4,3,3,1,1,3,3,1,1,6,0.490308919768659
5,3,1,5,4,5,1,1,3,6,4,4,5,1,0.33518644868619
3,2,1,3,6,2,1,1,2,3,3,2,3,6,1.06450627200991
5,1,1,4,3,2,3,1,1,1,3,3,1,7,1.72765452822894
5,2,2,7,6,3,3,2,1,3,3,2,1,8,2.06810796180452
4,3,2,6,4,3,3,1,1,5,5,1,1,6,0.567454994000385
3,3,1,0,4,3,3,2,1,3,2,2,1,7,2.33596617807442
5,4,2,7,3,3,3,2,1,3,5,3,4,6,0.334546415581245
3,3,2,0,4,2,3,1,3,3,3,1,3,7,0.172880445136004
3,4,2,1,4,3,2,2,1,3,2,2,2,3,0.668478463822037
2,4,1,7,3,3,2,1,1,1,3,1,1,8,1.04795883881489
6,4,1,8,3,3,1,3,1,1,1,3,1,7,0.933614941745365
6,4,2,4,4,3,3,1,1,3,1,2,1,7,0.2396588533127
4,3,2,7,4,3,3,1,3,1,1,1,3,8,0.54390087395542
5,3,1,1,4,4,2,3,1,3,3,2,1,7,0.757572861637282
5,1,2,0,4,3,3,2,1,2,4,2,1,6,1.39455141040235
2,3,2,0,5,3,4,1,1,3,4,1,2,5,2.15800909983015
6,4,2,4,4,5,3,1,1,4,6,3,1,8,0.202631203546501
5,2,2,0,5,3,1,1,1,5,4,4,1,7,0.636948821987172
5,1,2,8,5,3,3,3,1,3,3,4,1,8,3.47870215565647
3,4,2,7,3,3,4,1,1,1,1,1,5,6,0.359264092937354
4,3,2,6,4,3,3,2,1,2,2,1,1,1,0.109010228819992
6,1,2,8,5,3,2,3,1,4,3,3,1,1,3.40919399681324
6,4,1,8,3,3,2,1,1,3,4,3,1,3,0.0257280458172335
4,3,1,2,4,5,4,4,4,4,5,3,5,3,1.07107980592184
3,4,2,4,3,3,3,3,3,3,3,2,3,8,0.289423397804503
4,3,1,6,3,5,3,3,3,3,3,2,3,1,0.237459667692602
4,1,1,7,4,1,2,1,1,3,3,1,3,8,2.68760604569642
5,2,1,7,6,3,3,1,3,3,2,1,2,6,1.30897339224441
4,3,2,3,3,3,3,1,3,3,2,1,5,5,0.574431431029687
2,4,1,8,3,3,3,1,1,3,4,1,3,5,0.661901994448374
6,1,1,0,1,3,4,4,1,4,5,4,1,3,0.45547598207679
6,2,2,7,4,3,3,1,3,2,1,1,1,7,1.28100644665056
5,2,1,6,6,2,1,1,1,1,1,1,1,5,0.651422372913304
4,2,1,4,4,3,3,1,2,1,2,1,2,3,0.703958389145009
4,2,2,1,6,4,3,1,3,1,3,3,4,8,1.10617699721285
3,3,2,0,4,5,4,3,3,4,3,3,3,7,0.471136818738255
5,3,1,8,4,3,3,1,1,3,4,1,4,3,2.34638336634535
3,3,2,6,5,3,3,1,3,6,6,1,4,3,0.0371522837647155
3,3,1,0,4,4,3,3,1,3,2,3,1,8,1.02211550509598
4,3,1,0,3,3,3,3,1,3,3,3,4,5,0.586754989821266
1,3,1,4,4,3,3,3,3,3,3,1,3,1,1.56880583009298
5,2,2,0,6,5,4,3,3,3,3,1,4,8,0.21387224971257
6,3,1,7,3,3,4,1,1,4,6,3,1,8,0.455833898361027
2,3,1,0,4,3,3,1,2,1,1,1,1,7,2.99281665012877
2,3,2,4,4,3,1,1,1,1,1,1,1,3,0.907868230621541
4,2,2,0,5,4,2,1,1,3,1,3,1,8,0.847968895974097
4,2,2,7,5,2,3,3,1,2,3,1,1,7,0.811508516005571
6,3,2,0,4,5,5,3,1,4,6,4,1,8,0.60830312432276
4,2,1,0,6,3,3,1,3,3,3,1,1,1,0.0813243274860326
4,4,1,2,3,3,3,3,1,3,3,3,1,3,0.181052879388726
3,2,1,1,5,3,4,3,3,3,4,3,3,1,1.96635587177518
5,3,1,2,4,3,3,2,3,3,4,3,4,1,0.238492230831883
4,2,2,2,5,3,3,2,1,3,4,4,1,3,1.89227419851802
4,4,1,7,3,3,3,3,2,3,3,3,3,3,0.228749923002604
5,1,2,7,5,3,3,1,3,3,3,1,3,5,1.36918536591544
5,2,2,2,5,4,4,3,4,3,3,1,1,8,0.830580941062707
5,1,1,2,2,1,3,3,1,1,4,3,1,4,1.41372320466364
2,3,1,0,5,3,3,2,2,3,4,3,4,1,2.07361327244727
3,3,1,7,3,3,4,1,3,5,5,1,5,8,1.10452264474703
4,3,1,4,2,2,3,2,1,3,3,1,1,3,0.0302322240331893
4,2,2,2,5,4,3,1,5,5,3,1,4,6,0.562512675038285
4,3,2,5,5,3,3,1,1,1,3,1,1,3,0.641381231253972
4,3,2,7,4,3,3,2,4,3,3,2,3,5,0.568589183105681
5,2,2,0,5,3,3,1,1,1,1,1,1,8,0.757636513490569
4,3,1,0,2,3,3,2,1,1,2,2,1,7,0.373617440044956
7,3,1,4,4,3,2,1,1,3,1,1,1,7,2.57603305507347
3,3,1,0,2,3,2,1,1,2,3,2,2,5,0.730141463150975
4,3,2,1,4,4,2,1,1,3,1,1,1,5,0.845418584758021
5,2,1,8,3,4,5,2,1,3,4,3,3,6,2.10637787296832
1,1,1,6,4,3,3,1,1,3,2,3,3,1,6.02107697808972
6,2,2,0,5,3,4,1,1,1,3,3,1,6,0.284177423172429
4,3,2,5,5,3,3,1,1,3,5,2,3,3,0.0337051417491171
6,2,1,7,3,5,4,4,1,5,5,4,4,7,1.20339889652957
1,3,2,8,5,3,3,1,3,7,5,1,4,3,3.5666449421327
5,2,1,3,3,4,3,3,3,3,3,3,1,3,0.848629025742664
4,4,1,1,4,3,4,1,1,4,4,3,4,6,0.210481924101088
5,1,1,0,6,3,4,3,1,3,4,3,3,1,1.18627450415644
6,3,1,0,4,5,5,3,3,5,6,3,3,5,0.165717784951402
6,1,2,0,4,5,5,4,4,5,3,4,4,5,0.793765288186016
2,3,2,7,3,6,4,2,3,5,5,3,3,1,1.57889006901253
5,1,2,1,6,4,2,1,3,3,3,1,3,7,0.758341654667503
3,2,2,0,5,3,3,1,3,4,3,1,5,6,0.684558796399107
4,3,2,5,5,3,4,2,3,3,1,1,1,3,0.171713761154976
5,4,2,7,3,5,4,1,1,5,5,4,4,6,0.602772297399797
4,3,2,8,4,3,3,3,2,3,3,4,4,3,2.07399873816062
2,4,1,8,3,3,3,1,3,3,3,3,5,5,0.143750401830344
6,4,1,8,3,3,3,1,1,1,3,3,1,8,0.769501668526629
5,3,2,3,3,5,4,1,1,1,4,1,1,6,0.190857425569447
5,3,2,5,2,3,4,1,1,4,5,1,1,6,0.757981581755699
4,4,2,0,4,4,3,2,3,1,3,1,3,8,0.382338544770313
3,4,2,4,3,4,4,1,3,5,5,3,4,3,0.140305333714226
1,3,2,4,4,3,4,1,1,3,3,1,1,1,3.01975411035114
5,1,2,3,5,3,3,1,1,3,3,1,1,7,1.02623868741052
6,4,2,8,3,3,3,1,2,1,3,3,1,8,1.0417851753011
6,3,1,2,3,4,1,1,2,4,1,1,3,3,0.878592012632134
4,4,2,3,3,4,3,2,4,4,5,2,5,7,0.0308219269088107
3,3,2,7,4,3,3,3,4,6,6,3,3,8,0.0313062984580301
4,2,2,2,5,3,3,3,3,3,4,4,5,7,1.54251601213293
4,3,2,7,4,3,3,2,3,3,2,1,3,7,0.852511875578299
5,2,2,0,5,5,3,1,2,4,4,4,3,8,0.695104367546479
6,3,1,7,5,4,3,3,1,3,3,3,2,1,1.14409324796283
4,3,1,3,3,3,3,2,3,3,3,2,3,8,0.051071112221905
4,2,1,0,6,3,3,1,1,1,1,1,1,8,1.147142498588
3,4,2,0,4,2,3,1,1,3,3,1,3,3,0.538693052683882
3,3,2,4,5,2,4,3,3,2,3,3,3,3,0.631017554253932
4,2,2,6,5,4,3,1,1,3,6,3,6,8,1.90878937794093
4,3,1,3,6,1,4,1,3,1,3,1,1,3,0.693656799320388
6,2,2,0,5,4,4,3,1,5,4,4,3,8,0.298600487165046
4,2,1,1,4,3,3,1,1,3,3,1,1,7,1.02928155773608
4,1,1,8,6,3,4,3,2,3,1,3,4,5,1.23802570472911
3,3,2,7,5,4,3,3,3,3,3,3,3,1,1.42673553997194
4,2,2,0,5,4,3,3,3,3,1,1,3,1,0.129528749209323
3,2,1,0,6,1,2,1,1,1,2,1,1,8,0.419014278699921
4,4,1,7,2,5,3,1,3,4,3,4,4,6,0.457249498364929
5,3,2,0,5,4,3,1,1,4,3,1,1,7,0.526616582202492
6,3,1,0,2,4,3,3,1,5,5,3,1,7,0.135618028911754
4,3,1,0,6,3,1,3,6,3,2,3,5,7,0.605374371819949
4,2,2,0,4,4,3,1,1,1,1,3,1,6,0.912762322386166
6,1,1,7,3,3,4,4,1,3,3,1,1,3,1.78223143437283
5,3,2,0,4,3,3,2,1,1,3,3,1,5,0.62102163976534
4,3,2,7,4,3,3,2,3,4,4,3,5,8,0.861747918510457
2,1,1,7,5,1,1,1,1,1,1,1,1,7,6.25957383079843
4,4,2,7,3,1,3,1,3,3,3,3,4,8,0.234253924343093
7,4,1,8,3,3,3,3,4,4,4,3,4,7,1.78135323378816
3,2,1,1,6,3,3,1,3,3,3,1,3,1,1.4610580258844
4,1,2,7,5,3,3,1,1,4,3,1,1,1,2.01140569502343
6,4,2,7,4,3,3,1,1,3,2,3,3,8,0.236777217170251
5,2,1,7,6,3,3,1,3,2,2,1,3,5,0.106748219824943
5,3,1,7,5,3,3,1,1,3,1,1,1,8,0.400052108627655
5,1,2,5,4,4,3,1,1,6,6,3,6,8,0.0384612417853193
3,4,2,0,4,1,3,1,1,3,3,1,3,5,0.57138170740772
4,1,1,6,2,3,3,3,3,3,3,3,3,1,0.987952219939648
3,3,2,4,4,4,3,1,1,4,5,1,4,6,0.772097721103988
6,1,2,7,4,3,4,3,1,3,4,3,1,6,1.78657504200243
6,3,1,0,1,3,3,3,3,3,3,3,3,8,0.850112161607308
4,3,2,0,4,3,3,2,1,6,5,2,6,7,0.419290817630517
5,2,1,2,6,3,3,3,3,3,3,3,3,3,0.801457936348537
6,4,1,7,3,4,3,1,3,3,3,3,4,3,0.534343457888775
5,3,1,1,3,3,3,2,2,3,3,3,2,7,0.10170208071418
5,3,1,4,3,1,1,1,1,1,1,1,1,8,1.1809732178562
6,3,1,0,1,2,3,2,1,4,3,3,3,8,1.25273652479126
4,2,1,0,2,4,4,3,3,3,4,1,1,6,1.1703975245512
6,2,1,0,2,3,3,3,2,2,3,2,3,7,0.11271444318591
5,3,2,8,3,4,4,1,1,5,5,2,3,8,0.068130840560418
6,1,1,0,6,1,1,2,2,2,1,2,2,3,2.00009853234651
5,3,1,7,4,3,1,1,1,1,1,3,6,8,0.314095693707078
2,3,2,8,4,3,1,1,3,4,1,1,1,1,7.28345992665582
5,3,2,7,3,4,3,1,1,3,3,1,1,6,0.0988048911245001
5,1,1,7,4,3,1,2,2,3,2,2,3,3,1.38503554513292
4,3,1,7,6,3,3,3,5,3,4,3,4,3,1.02145461688935
6,4,1,7,3,3,3,1,1,4,5,1,1,8,0.0633688145000324
3,4,1,1,3,3,3,1,2,3,5,1,2,5,0.450906395204465
4,3,1,0,3,1,3,1,1,1,1,1,1,7,0.597597483930755
4,3,1,7,6,3,4,2,3,1,2,1,2,5,0.0280880664122894
5,3,1,8,4,3,3,1,1,4,4,1,1,6,0.045312720856201
2,2,1,0,4,3,3,2,1,3,2,2,1,7,2.94782986786408
5,2,1,6,5,3,1,1,2,4,4,3,5,1,0.889604107567719
5,1,1,0,6,3,2,3,1,5,3,3,1,7,1.06422873784575
6,4,2,4,3,3,3,2,1,3,3,3,1,7,0.214311579999193
2,3,1,3,1,3,3,1,2,1,1,1,2,1,2.68270315640466
5,2,1,4,5,4,3,3,3,3,4,3,3,6,1.38508599834031
5,3,2,7,5,5,3,3,2,3,3,1,1,6,0.786216531590483
5,4,1,7,3,3,3,1,1,4,3,1,1,6,0.0875800016226119
3,4,1,4,3,5,4,1,3,5,6,4,6,8,0.733261491471891
5,1,2,4,5,4,5,4,3,5,6,4,4,6,2.86927100636965
4,2,2,5,5,3,3,1,3,3,3,1,3,8,0.151622716131621
3,4,2,8,4,3,3,1,3,3,4,3,3,7,0.964551516975061
3,3,1,0,4,2,3,1,2,3,3,3,3,3,0.0994231107345726
5,2,2,3,5,3,1,2,1,3,1,1,1,7,0.631705762222463
5,4,1,8,3,3,1,3,3,5,1,4,5,7,0.743189946529376
6,2,1,6,4,1,1,1,1,2,1,1,1,7,1.33967502748463
4,1,1,4,6,3,2,1,2,3,2,2,2,6,3.29450265038514
2,4,1,1,4,4,3,3,3,4,3,1,1,7,0.476955269021765
6,2,1,0,6,4,3,2,1,3,3,2,1,7,0.539111317721854
5,1,1,0,5,4,3,1,2,3,3,1,1,6,1.14315675647622
6,1,1,0,2,4,3,4,4,5,5,4,1,7,1.62129831997085
6,4,1,7,3,3,4,1,1,4,6,3,1,7,0.591903181157995
2,3,1,4,4,3,3,1,3,4,4,3,4,3,0.771477120898127
2,2,1,2,4,1,1,1,1,1,1,1,1,7,1.26985729633388
6,1,1,6,4,6,5,3,3,4,3,3,3,8,1.52821472719621
2,4,2,8,3,3,3,1,3,1,4,1,4,3,3.40870982572757
3,4,2,4,4,3,3,2,3,3,3,2,2,1,1.14262629660956
4,1,1,1,4,3,3,3,3,1,1,1,1,3,0.718441288402941
2,4,1,3,3,3,2,1,1,4,3,1,3,7,1.2005998361918
4,2,1,0,6,4,3,1,3,4,2,3,3,3,0.783858353322269
4,4,2,2,4,3,2,1,1,1,1,2,1,7,1.43266253347889
3,3,2,7,4,3,2,1,2,3,2,1,2,7,1.74610571579321
5,2,1,8,6,3,2,3,3,3,3,3,3,7,1.36239289844381
3,2,2,0,4,3,3,3,2,2,2,2,2,7,1.22932531373208
5,3,1,0,4,5,3,3,2,3,1,1,1,1,0.0660455762854433
3,2,2,5,5,2,2,2,1,2,2,2,1,7,0.581405270621081
4,2,1,2,3,4,4,1,3,1,2,1,1,3,0.11424072152469
2,3,2,5,5,5,4,3,3,4,4,3,3,7,0.0607066446296611
5,2,1,0,2,4,4,3,3,4,3,3,3,1,0.827686476047884
3,3,2,0,4,3,3,3,1,2,4,3,3,3,0.711879936101049
3,4,2,1,4,2,3,1,2,2,2,2,3,7,0.211384833841467
3,4,1,8,3,2,3,1,3,6,5,5,5,5,2.71134493427626
4,4,2,0,4,3,3,1,1,3,3,1,1,1,0.176066186520675
4,2,1,2,5,4,3,3,3,1,3,3,3,1,1.02292541605507
3,4,1,0,5,5,3,1,3,5,4,3,6,2,0.0357538002487546
3,4,1,0,4,3,3,1,1,6,6,3,4,6,0.713939215857542
4,4,2,7,3,3,1,1,2,3,3,3,3,8,0.366530723448936
6,3,1,0,2,3,3,3,1,1,3,4,1,5,0.404264885300304
6,4,1,7,3,3,3,3,4,3,4,4,5,3,0.112530011596915
3,3,2,7,4,3,3,1,2,3,3,3,3,5,0.56268049569256
6,1,2,8,4,2,2,1,1,1,1,1,1,8,3.40919399681324
4,4,2,8,3,3,3,3,2,1,4,4,4,3,0.454486189438629
6,3,1,3,4,3,1,1,1,3,3,2,1,6,0.295211161836382
6,1,2,3,6,4,3,3,1,3,3,3,1,2,1.80547300345979
5,2,2,1,5,3,3,1,1,5,5,1,1,7,0.488374422673992
4,4,2,7,5,3,3,1,1,3,3,1,3,7,0.478035066809837
3,3,1,0,1,1,1,1,1,1,1,1,1,7,0.756353157639585
6,3,1,4,2,3,3,3,1,3,3,3,1,5,0.832732917280274
4,4,2,0,4,4,3,1,2,4,3,3,5,5,0.517086957463352
4,3,1,8,3,3,2,1,1,4,4,3,3,7,2.65581740899872
2,4,1,7,3,3,3,1,2,1,4,1,4,6,0.779851850588679
4,2,2,0,4,3,3,1,2,1,1,1,1,5,0.83296450862278
4,3,2,5,4,3,3,3,5,3,4,4,5,8,1.51186206210681
5,3,1,7,6,4,3,1,1,5,4,1,1,5,0.061949859917815
4,2,2,2,5,3,3,2,3,3,3,2,3,1,0.96680114249642
4,1,1,7,5,3,1,1,3,4,1,1,1,1,0.0566236868327703
5,1,2,0,5,4,3,3,3,1,1,1,1,8,0.889873314724403
3,4,1,7,3,3,3,1,1,3,3,1,4,7,0.0368517975795905
4,3,2,0,4,3,3,3,1,4,1,2,3,6,0.307460619665775
5,2,1,0,4,2,3,1,2,1,1,1,1,1,0.656435274413772
5,2,2,2,2,6,5,5,5,5,6,6,7,6,0.739592786079873
5,3,1,0,3,4,2,2,3,3,1,2,3,7,0.96982941458873
5,4,2,8,3,3,3,2,1,4,4,3,1,5,0.271369430174541
6,2,1,0,4,2,3,2,1,2,1,1,1,7,0.376056451136714
3,4,1,0,4,1,3,1,1,1,1,1,1,2,0.516860380797238
2,4,1,5,4,3,2,1,1,4,5,3,5,1,0.827161276420192
2,4,2,0,5,3,3,1,1,4,3,4,6,7,0.742558487069187
3,4,2,0,4,3,3,3,2,1,3,1,4,8,0.131899911219489
4,3,1,4,4,4,3,3,3,3,3,3,2,3,0.877610671229376
6,2,1,3,6,1,3,2,1,1,3,3,1,3,0.720981357459725
4,3,1,7,5,3,3,2,1,3,3,2,1,6,0.850274333396974
4,3,1,6,2,1,4,3,1,1,1,4,3,6,0.523695135653354
6,2,1,0,6,3,3,2,3,3,3,2,1,7,0.62283302915219
4,3,2,0,3,4,3,1,1,4,5,1,5,8,0.281283825320146
3,4,2,7,3,3,4,1,1,3,4,2,4,3,0.0295319512560611
4,4,2,8,3,3,4,1,3,6,5,1,6,3,0.153123483316033
2,1,2,6,5,3,3,1,2,1,3,2,1,8,2.13573728038805
5,4,2,8,3,3,3,1,2,3,1,1,3,7,0.639759053245391
5,2,1,7,5,3,3,1,3,3,3,3,4,5,0.704615101355548
5,3,1,4,6,3,3,1,1,3,3,1,1,6,0.47999386169997
3,3,1,2,3,2,3,1,1,3,3,1,1,3,1.09169541956781
3,1,2,7,5,1,2,1,1,3,3,2,1,6,1.89397254535645
2,3,1,0,4,3,3,1,1,3,3,1,1,7,0.768514128749196
4,4,2,6,4,3,3,1,1,2,2,1,3,3,0.282308352583162
3,3,1,0,5,3,3,1,1,4,5,3,5,5,0.83120247295862
6,4,2,8,3,7,3,1,1,3,5,3,1,5,0.151951399762965
4,2,1,0,1,3,3,3,3,3,3,3,3,6,0.520719500296028
5,1,1,7,5,3,3,2,2,1,1,2,1,8,0.147365403327411
6,2,1,7,2,3,4,3,3,2,3,2,3,7,1.31044442367512
3,4,2,8,3,3,3,1,3,1,2,2,2,3,0.300923474314553
2,4,2,8,3,1,2,1,2,1,2,1,2,3,3.36266059134966
4,2,1,6,5,4,3,3,1,4,3,1,1,7,0.32969390878774
6,4,1,3,4,3,3,1,1,1,3,3,4,7,0.0257280458172335
7,1,2,3,6,3,3,1,1,1,1,1,1,7,3.76540259373013
3,3,2,4,4,3,4,1,3,1,3,1,3,3,0.76771809205639
6,3,2,0,4,3,3,3,1,2,2,2,2,1,0.472130866477738
4,1,2,8,5,4,4,3,4,3,3,3,4,3,2.25986313886422
5,3,1,3,3,2,2,1,2,2,2,1,1,8,0.81466858985933
4,3,1,1,5,3,3,3,3,2,2,1,3,3,0.344217727016663
3,3,1,1,6,4,3,2,3,3,3,2,3,1,0.998553717298091
6,3,1,4,3,5,5,1,1,1,1,1,1,7,0.449620715198919
3,3,1,0,6,3,3,3,2,3,3,1,1,1,0.828876674935204
6,3,2,0,4,4,3,4,2,3,3,3,2,8,0.349186021239525
3,3,2,7,4,3,1,1,3,3,1,1,3,8,0.0736923863370251
3,3,2,2,4,3,3,1,3,3,3,1,3,1,0.464224743423244
3,3,2,8,4,3,4,1,3,2,4,3,6,5,2.17288683474528
3,2,2,7,5,3,3,3,2,3,3,3,2,8,1.03799363619523
6,3,1,7,3,4,4,5,5,4,4,1,6,3,0.909734136880945
3,4,2,0,4,3,3,1,1,1,3,2,1,8,0.784069837691349
5,3,2,0,2,5,3,3,1,4,1,1,1,7,0.594012410029514
1,2,1,6,6,5,3,3,1,3,1,1,1,1,5.45761786073675
6,1,2,8,5,4,3,3,1,3,3,4,1,8,2.9856910627421
4,2,1,2,6,2,3,1,3,1,3,1,3,3,1.32771765840413
5,2,2,7,5,3,3,1,3,3,2,3,2,7,0.0573242620870651
2,3,2,0,5,4,4,1,2,5,4,4,4,3,0.906028154333242
6,2,1,3,3,4,3,3,4,4,3,4,4,7,0.950157747470266
1,2,1,5,6,3,3,2,3,3,2,2,3,5,0.213330080179293
4,2,2,5,5,3,4,3,4,3,1,1,1,3,0.0770453508543188
4,3,2,4,4,5,4,3,3,7,5,4,5,6,0.760402595563878
6,3,2,5,5,1,3,2,1,1,3,3,1,6,0.730572191229623
5,4,2,2,3,3,1,1,1,4,3,3,1,8,0.0657089334857334
5,4,1,7,3,3,4,1,1,6,7,5,6,8,0.286693581844051
6,4,1,8,3,1,3,1,1,1,3,1,3,3,0.412966241133686
6,4,1,7,3,3,3,3,2,4,5,3,3,6,0.402382655005314
3,2,2,0,5,5,4,3,1,3,4,3,1,8,0.922564691240006
3,4,1,4,4,3,3,2,3,1,3,1,3,5,0.757440362304674
5,3,1,7,6,3,3,3,3,3,3,3,3,8,0.349994148273412
6,3,2,8,4,5,4,1,1,3,5,4,1,3,1.29962656630645
5,2,1,3,6,3,2,2,1,3,4,3,3,6,0.758173446535921
4,3,2,0,5,3,4,1,3,3,3,1,2,8,0.390964305565383
4,2,1,1,6,1,1,1,3,1,3,1,3,7,0.0924962637817312
5,2,2,3,4,3,3,2,3,3,3,3,3,8,0.400519486008547
5,2,1,3,6,4,3,1,1,1,3,1,1,7,0.945281243702983
2,4,1,6,5,3,3,1,3,6,6,1,6,7,2.15284155298123
2,3,2,7,5,3,3,1,1,4,3,1,3,7,4.38441061372937
4,2,1,0,6,4,2,2,1,4,1,1,1,7,0.785353501364015
5,1,2,0,5,4,4,2,1,1,4,1,1,7,0.658351828657434
5,1,1,0,3,3,4,1,3,3,5,3,4,6,0.380438233865623
5,2,1,0,6,5,3,2,1,6,5,5,6,8,0.221463592953906
5,4,2,8,3,3,3,1,1,4,5,4,3,6,0.182240016297317
7,1,1,0,3,3,4,3,1,1,3,1,1,7,2.1158205043068
4,3,2,8,5,4,3,1,1,5,4,3,2,1,1.9451402646223
4,1,2,3,5,2,3,1,1,2,1,2,1,3,0.560838805663244
3,3,2,7,4,3,3,2,2,4,3,3,3,3,0.611618191419069
5,2,2,0,4,3,2,1,3,3,2,1,3,8,0.30618734998355
3,4,2,7,3,3,4,1,2,1,1,1,3,3,1.19981702174059
5,4,1,0,3,4,3,2,3,4,4,3,4,1,0.566462515136635
5,4,2,7,4,3,3,2,3,4,4,3,5,6,0.263257136699113
7,4,1,7,3,3,3,1,1,4,1,1,1,8,0.765520506066863
5,4,1,7,4,3,3,2,3,1,3,1,3,3,0.593980023960741
3,4,2,0,5,3,1,1,1,1,1,1,1,7,0.0295319512560611
4,4,2,7,3,4,4,1,3,5,6,5,6,3,0.462845390079426
3,4,2,0,5,2,3,1,2,3,3,1,2,7,0.470727342512429
7,2,2,1,5,4,2,1,2,2,2,3,3,8,0.466281672394046
5,3,2,0,5,4,1,1,1,4,4,4,3,8,0.462123089869731
7,4,1,8,3,3,3,1,1,3,3,1,1,1,0.728432118083971
3,2,1,7,6,3,2,2,2,3,2,2,2,5,1.08570863000849
4,3,1,0,4,3,3,1,3,3,3,1,3,3,1.03557336983588
6,3,1,7,4,2,1,1,1,3,2,1,3,7,2.3856432139156
5,3,1,0,2,3,3,2,1,1,3,3,1,3,0.10835959370373
5,2,2,2,4,5,2,1,1,4,5,1,2,6,0.879693281977619
6,3,1,7,4,2,3,2,1,2,3,2,1,8,0.710287868017232
4,1,1,0,6,4,3,1,3,3,4,1,4,5,1.78663826258291
2,3,1,1,3,5,3,4,5,3,3,3,4,6,0.0619316287751082
3,3,1,7,5,3,3,1,1,1,3,1,1,3,0.669054557202025
3,3,2,5,4,3,3,1,2,3,3,1,2,3,1.05273638533712
2,4,1,8,3,3,3,1,3,3,6,3,5,3,0.543349636275172
2,4,1,7,3,3,3,1,1,3,3,2,3,3,2.17212667298025
6,4,1,7,3,3,1,1,1,3,1,1,1,8,0.406530358203348
6,1,2,7,5,3,3,2,1,2,1,1,1,6,2.53842911976467
7,2,2,5,5,3,4,1,1,4,5,1,1,3,3.7627112304694
3,3,2,7,4,3,3,2,2,1,5,1,4,3,0.650763426049329
5,3,1,7,4,3,3,3,3,4,3,1,3,6,0.652064817684023
5,4,1,2,3,3,3,1,2,4,5,3,4,3,0.359973320161319
3,3,1,7,4,3,3,3,1,3,3,3,2,6,1.0837988474439
3,4,1,2,3,3,2,1,2,3,3,2,3,6,0.507637896541645
5,4,1,7,4,3,3,3,3,3,3,3,1,8,0.454994825086596
4,4,2,1,3,4,3,1,1,4,3,3,1,6,0.193084883654932
4,2,2,1,6,3,2,1,1,2,1,1,2,7,0.5697020697237
5,1,2,8,5,3,1,3,1,3,1,3,1,7,3.47870215565647
4,1,2,7,6,3,3,2,1,3,3,2,1,7,1.45420487843666
3,2,1,7,3,3,3,2,3,3,3,1,2,6,1.16948480113529
7,3,2,7,5,4,4,2,1,4,4,3,1,8,1.17135379424443
4,3,1,0,6,3,3,1,1,3,1,1,1,8,0.734908022859544
3,4,2,7,3,3,3,1,1,3,5,3,3,8,0.650566725040318
5,4,1,8,4,3,2,1,1,1,1,1,1,3,0.0273377250190535
7,1,2,6,4,3,3,1,1,1,1,1,1,8,3.06325243089271
3,2,1,0,6,3,3,1,1,3,1,1,1,3,0.855885583722153
2,4,1,0,6,3,3,3,2,3,3,3,3,3,0.906497914991116
4,2,2,2,6,4,4,3,3,1,2,1,2,1,1.00814440683156
4,2,2,0,4,5,4,4,3,3,3,4,3,6,0.676703056688194
6,3,1,1,4,3,3,1,3,1,3,1,1,7,0.613981130386788
5,2,1,5,6,3,4,2,1,3,3,2,1,8,0.0281176555170991
3,2,2,0,6,2,3,1,1,3,3,1,3,7,0.179074287741451
4,1,2,4,6,3,1,1,1,1,1,1,1,6,3.36522560954024
4,3,1,8,4,4,3,3,4,3,3,3,4,3,1.50640951664896
2,4,2,7,3,3,6,1,3,3,4,3,3,3,1.54093372218741
4,2,1,4,6,3,3,3,2,4,4,3,3,6,1.59164633598933
5,3,1,0,4,4,4,1,3,1,3,1,3,1,0.574943786732958
5,1,2,0,5,3,3,2,1,5,5,4,1,6,1.09117444976743
6,1,1,3,2,2,2,1,1,1,1,1,1,8,0.607663735830595
5,1,2,0,5,7,7,3,1,3,3,3,1,1,2.65074979254584
5,1,1,7,5,2,3,3,1,1,3,1,1,5,1.79585079951466
4,3,2,0,4,2,4,3,3,2,3,3,3,1,0.318423696999404
5,2,2,5,4,3,3,2,1,3,3,3,1,6,0.0692889089200574
3,4,1,0,3,3,3,1,1,4,3,3,4,7,0.250428160788113
3,4,2,7,6,4,3,1,1,1,3,1,1,6,0.294466798731866
2,3,2,0,5,3,1,2,3,3,3,3,4,7,1.50074534311152
3,4,2,8,3,3,3,1,1,3,1,1,4,8,0.512775062225408
4,3,2,0,5,3,3,1,2,3,4,3,3,8,0.108835434596604
4,2,1,3,6,4,3,3,4,7,7,6,7,7,0.893115902039476
4,4,1,2,3,3,3,1,4,4,4,3,7,5,0.0916729707432159
6,1,2,0,6,4,3,3,2,1,1,1,1,3,1.29012406450088
6,3,1,4,4,3,3,3,2,3,3,3,1,3,1.00470373797283
5,1,1,0,5,3,3,3,3,3,3,3,3,4,1.30878351149267
4,2,1,0,6,4,4,4,3,5,5,3,3,5,1.19228435589318
5,4,1,0,6,1,4,2,1,2,3,3,1,8,0.173202015183195
5,2,2,6,5,2,1,2,1,3,2,2,1,3,0.0646802976972554
2,3,2,0,5,3,2,2,1,3,2,2,1,7,1.33716507497259
3,4,2,0,5,5,4,3,3,3,3,2,3,7,0.14382105833242
5,3,2,0,4,3,3,2,3,3,3,2,3,6,0.308147053609709
4,1,1,0,5,3,3,2,3,2,4,4,4,3,1.63837692945996
5,1,2,4,6,3,4,1,1,4,3,1,1,7,0.0522333790055916
3,2,2,0,5,2,2,2,1,2,1,1,1,6,0.424652566869038
4,3,2,4,5,3,3,1,1,1,3,3,1,3,0.503376413337545
4,3,1,0,4,2,2,1,3,3,3,3,5,7,0.363220959035341
3,1,1,0,5,3,1,1,3,3,3,1,4,1,1.59554496657715
3,4,2,0,3,3,3,1,1,5,4,3,6,3,0.268511474184082
6,2,1,8,4,3,4,3,1,4,4,3,1,3,2.18295184873102
3,3,2,8,4,3,3,2,3,5,3,3,6,6,2.32126123893875
2,3,1,2,6,3,3,2,4,3,3,1,2,7,0.29789420117662
3,3,2,0,5,3,1,3,3,3,3,1,3,7,0.692024288626477
2,3,2,8,3,3,4,1,3,6,7,5,5,1,1.67665075917091
5,4,2,6,4,3,3,4,5,1,1,1,1,6,0.338148642717341
3,3,2,7,5,2,2,1,3,3,1,1,1,8,1.28933810728174
3,3,2,0,5,3,3,2,1,1,3,7,5,7,0.846302355142196
3,2,2,7,5,4,1,2,1,4,1,2,1,7,0.782091274984344
5,2,1,5,2,5,3,1,1,3,4,1,1,3,0.979718920694355
3,4,2,1,4,3,3,3,2,3,3,3,3,3,0.7088415148338
4,2,1,4,6,4,4,1,1,3,3,1,4,8,2.62316990357488
3,3,2,0,4,4,3,3,4,5,3,1,3,8,0.788870906616583
2,3,1,4,6,3,4,1,1,3,5,3,3,6,2.39071152525079
4,4,2,5,3,3,4,1,4,3,5,3,6,7,0.0313589021629679
3,4,1,8,3,3,3,2,2,3,4,1,3,3,0.45419851736193
3,3,2,0,4,4,3,3,3,3,3,3,3,6,0.166421968140323
3,2,1,3,6,3,3,2,3,3,3,2,3,1,0.331634651667405
3,4,2,0,3,4,3,1,3,3,3,1,3,7,0.114072877144523
2,3,2,0,6,3,4,1,3,3,4,2,3,6,2.56846531842942
5,2,1,2,3,3,3,3,3,3,3,3,1,6,0.960586350947449
3,1,1,2,6,3,3,1,1,3,4,1,1,3,2.01817428552091
6,3,1,7,3,4,3,3,1,4,3,3,1,8,0.268864380877903
4,3,2,0,5,2,3,1,2,3,3,3,4,5,0.84024147459681
4,2,1,1,6,5,2,2,1,1,1,1,1,7,0.921373743976933
3,3,1,7,6,1,1,1,1,1,3,3,4,5,0.265963139329693
5,3,1,4,6,1,2,1,1,1,1,3,1,8,0.0291857077979474
4,3,1,4,4,3,3,3,4,3,3,3,4,7,0.0404211139498997
4,2,2,7,6,3,3,1,1,3,3,1,1,3,0.157678113241407
5,4,1,0,1,4,4,3,3,4,4,1,3,5,0.266469646023008
4,2,1,7,6,3,3,3,3,3,3,3,3,7,1.61110352976683
5,3,2,4,2,2,1,1,1,3,3,3,1,6,0.675501235403681
7,1,2,0,2,3,4,3,1,3,4,3,1,8,4.54638568145147
3,2,1,5,6,1,1,1,1,1,1,1,1,3,1.31162915554573
2,3,2,2,5,3,3,2,2,3,5,1,3,1,1.74577717093947
6,2,2,7,5,1,3,3,3,3,1,2,3,5,1.36812478121942
2,4,1,7,3,3,3,1,1,1,5,1,1,8,1.17834082081326
3,3,1,0,5,3,3,1,2,3,3,1,3,1,0.766764320591757
1,4,2,8,3,3,3,1,1,4,1,1,5,7,4.45850059413724
4,1,1,8,4,3,3,1,3,3,3,1,3,5,3.44729096245598
3,4,1,8,3,4,5,4,5,6,7,6,7,3,0.325710897181222
6,3,2,0,4,3,3,3,1,3,4,4,1,7,0.680902204405925
1,2,2,0,6,3,3,1,1,4,3,1,1,6,2.47023081679205
3,2,1,1,6,2,3,2,1,2,2,2,1,3,0.357945863537004
2,2,2,2,4,3,3,1,2,3,3,1,2,1,2.1661741870034
4,2,1,0,6,4,4,2,2,3,2,1,2,3,0.796013342128017
4,3,2,0,5,4,5,4,3,4,5,3,4,8,0.12185033021159
3,3,1,0,4,4,3,3,5,4,4,3,6,5,0.446409287776369
4,4,2,8,3,3,3,1,3,2,1,1,3,3,0.113457416675861
3,2,1,0,5,4,4,1,1,2,1,1,1,7,0.968842194007075
6,1,1,0,6,6,3,2,3,1,1,1,1,1,0.233015787201401
5,4,1,0,5,3,5,4,2,4,6,4,3,3,0.327644593583487
5,1,1,8,6,2,2,1,1,1,1,1,1,3,4.5631897318058
3,4,2,2,4,3,3,1,3,3,5,3,6,8,0.668131659315162
3,3,2,7,5,3,3,1,2,3,3,1,3,1,0.0313062984580301
6,2,2,4,4,5,5,3,3,5,5,3,3,6,0.581894114764028
6,4,1,8,3,3,3,1,2,3,3,1,2,8,0.493341826203441
4,4,2,7,3,4,4,3,4,6,6,4,6,6,0.421288939083616
3,1,1,0,5,3,3,2,1,2,4,3,1,6,1.97647065754153
3,3,2,5,4,4,4,1,1,3,1,1,1,6,0.496341445489113
5,2,2,2,5,3,3,3,4,3,3,2,3,5,1.03208650749375
6,3,2,7,4,3,3,1,4,3,4,1,4,8,0.331293669813114
4,1,1,5,6,3,3,3,4,3,3,3,3,7,2.24520262161294
3,3,2,0,5,4,3,2,3,3,3,4,1,7,0.141930750810295
4,4,2,7,4,3,3,1,1,4,4,4,4,6,0.431930129350377
5,4,2,7,3,3,4,1,2,3,3,1,1,3,0.278059224426097
6,1,1,6,2,1,3,1,2,1,2,1,1,3,1.27537857047109
2,3,1,0,4,5,3,3,3,5,3,3,6,7,2.03367414260304
5,2,1,6,3,3,3,1,1,1,3,1,1,8,0.675572937888568
3,3,1,1,1,3,3,2,1,3,3,2,3,3,0.428313650313142
6,4,1,8,4,5,3,1,3,4,4,1,3,1,0.635699383113003
5,2,2,3,4,4,4,3,3,6,5,3,4,7,0.412025533944323
5,3,2,0,4,4,4,2,1,5,3,1,1,6,0.822690771826199
4,2,1,0,4,3,3,3,3,3,3,3,3,3,1.0792462141994
3,3,2,0,4,1,3,1,2,3,3,2,3,1,0.393645967969414
4,2,2,0,5,3,3,1,1,3,3,1,1,1,0.409798647485548
4,2,2,1,5,5,3,3,4,5,1,1,1,7,1.30876059367436
4,3,2,7,6,3,3,2,1,4,4,3,1,7,0.128344150509252
5,2,2,4,5,4,3,3,1,1,3,1,1,3,0.0327918047153867
4,2,1,4,4,3,3,1,4,4,3,3,5,3,1.54449412490861
2,3,1,5,4,3,3,1,3,2,3,1,3,6,2.04467790721252
3,3,2,7,3,3,3,2,3,6,5,3,4,3,1.18891963513517
4,1,1,7,6,3,3,2,3,4,3,2,3,8,3.05506998621642
5,3,1,4,4,3,1,2,1,1,1,2,1,8,0.523542118427994
2,3,1,7,5,3,3,3,1,3,3,3,3,1,0.479252643326065
6,2,1,5,4,2,3,3,1,3,3,3,1,7,1.3583359364681
5,2,2,4,5,3,2,1,2,3,1,3,4,8,0.701905160529505
2,3,1,0,4,3,3,3,3,3,3,3,3,3,2.08145355138237
5,2,1,0,5,3,3,3,2,1,2,1,2,3,1.29747356361685
4,4,1,3,3,5,3,3,3,6,5,4,5,3,0.410708351291081
5,4,2,8,2,4,5,3,4,4,4,3,4,3,0.738724484921588
5,2,1,5,5,3,4,5,3,6,4,4,4,6,0.75413494587746
3,2,1,4,6,3,5,1,3,3,3,2,4,3,1.07624723673594
6,4,1,6,3,3,3,3,1,1,1,1,1,8,0.142035880113537
4,4,1,0,3,3,3,3,3,3,3,3,3,1,0.200821687229054
4,4,2,7,3,4,3,1,2,3,3,2,1,7,0.0800346549191539
4,2,1,7,2,3,3,1,3,3,3,1,3,3,0.0631379708147773
4,2,1,4,4,4,3,1,1,5,5,1,3,3,1.29166263912047
4,3,2,7,3,3,3,2,2,3,4,3,5,3,0.786339476439186
4,2,1,0,2,1,3,1,1,3,3,2,1,3,1.51565168393208
4,2,2,0,5,3,2,2,1,3,1,1,1,1,0.835894110102859
7,2,2,7,4,3,3,1,3,3,4,3,3,6,1.28337166042166
4,3,1,4,3,3,3,1,3,3,3,3,4,1,0.602280459274217
3,1,1,7,5,4,3,1,1,1,1,1,1,8,0.690573461845285
4,1,1,0,5,2,3,1,3,3,3,1,3,7,0.12079032889147
6,3,2,4,3,2,4,3,1,2,3,1,1,8,0.290846949250722
6,3,1,0,3,4,3,1,1,3,3,3,1,8,1.16888069918795
5,2,1,2,4,4,3,3,3,1,1,1,1,4,1.29414760545358
3,3,2,7,5,3,3,1,1,2,2,1,2,6,2.27855267724378
4,4,2,8,3,4,3,1,1,3,6,3,7,6,0.464410813777739
5,3,2,7,4,4,1,1,1,1,5,3,3,3,0.685911699530819
3,3,1,7,6,2,3,1,3,2,1,1,1,8,0.0909631201889186
3,3,2,4,5,4,4,2,3,3,3,1,4,8,0.914833973086527
4,1,2,0,5,3,3,1,1,6,6,4,3,3,0.402852915422986
3,3,2,5,5,3,3,1,1,6,6,4,2,1,1.17125910800627
4,3,2,0,4,3,1,1,1,3,1,1,1,5,0.857535451433569
